Product_id,Selling_Price
SCHE4YSTDVPVZVXW,3301.690655
ACCEGCATKHNRXUHW,1916.034451
NKCE6GJ5XVJDXNNZ,11349.26529
NKCEB8BK3ZXDHDHM,9454.797565
TOPEFDXSAHRNPF94,5558.866655
ACCE558KZHEPZYMG,9299.282507
ACCEAZCVAMFHDPY7,5287.422052
NKCDYNY37JPBGBVM,2630.937686
NKCEY8KWY33FCUYD,7688.271654
RNGE4YPTQYRECV9J,4680.324003
NKCE88AHBHJZREXH,3880.667036
CLTEJ5ZZGBP4JGGE,8074.674145
WATE3NWH5FZWAMDA,8671.575057
CAGE53FSFZVFPFHQ,1744.49114
PCSEAKVBFFPGCHNZ,3677.826391
WATDFFH3KJYBTYGG,7107.872332
NKCDWHFQSCHHYZMP,2743.343836
RNGEB2PG3Q5RKDW6,3419.850852
NKCE5UY9HHPZGGUZ,4464.985098
KTAEHETW3ZCMFMJR,4210.506928
BRAEBBYRVF9MHJHU,7781.885603
NKCEAX7HAQ2RJA3Q,10303.5643
CRTECN2RQZWBSP9W,4997.5475
WATDEWZ9UHSEHGZG,9486.628264
PTPEYW8HNV6G9YYR,2881.348942
ACCEAMGZRRYVAHDC,4823.432357
SRTEHHXG8MUXTGPA,6038.519918
SKIE4S4NN4MHYM3Z,5112.984233
HMBE7G34YHWPWKYN,7236.223034
LLIEGTMFJBD7ZZZM,13879.72976
ACCEJGH6JVTM4CBH,838.9419314
ACCDQDYBXJ9HZF37,9992.785523
RNGE88FRGZCXNKUG,874.0450381
NKCE7M3QNNPZDXHQ,9984.058638
VLBEGFFDP9H6WG2T,3551.152357
TOPEAFG4YEQSH5TT,2431.856142
WATEYAP3K2QQQWDH,5233.668516
PCSEBDFUFJWGARNX,10160.34038
SWTEGXQFZY95SKG7,4877.539682
BRAEGJFXSM9ZQ6SK,6971.723403
CAGE6FYKP34GA4GF,7558.846733
HMBEJCMH78VJF3M8,4367.855414
HIFEB7J3GSTVN5XJ,10495.24362
PBXE6ZHNGZREWWHR,4104.830408
PCSEAKVBNXFGZBKB,6814.154197
BRAEBBMQQNZ9RZWR,5743.860883
ACCEGKFCXHZZH44S,736.6997431
SHODXQRRGKZ74U9M,4344.95177
DREE2Y6DVEKVVQQS,4392.3333
PBXE8ZHHG5Y525BT,6801.787613
CTTEH9FXZHGFKUA3,7850.652865
ACCDXFZXGQTBTM6N,3741.082784
NKCE9PFF3TT4KSQJ,7846.629342
BRAE6NZAZK77HXZK,922.0649711
NKCE4TV42BHDP63U,3532.66578
AIREDGGD9RJPZGYW,5600.691376
PCSEDAPMHR2HNHWP,8379.940407
PACE95FMAFXHZB5C,4519.799173
WATDG4KP445AV5XC,13141.84085
ACCE9EYRRNZYZUBG,438.7985602
ACCE8XZMAHNC8JVS,642.0435257
SHOED5DCSTQKZCGF,3748.156314
NKCE64Z4NGBHNAY7,3505.18482
PBXE8WQTZ5GA2YYQ,767.0686125
MUGEGZUMGYAPVSZH,4249.287595
PBXE4RB3Y3GXWPFV,728.1375411
PCSE2ZFDJJGFNHC7,659.5828879
CRTECN2QT5HKHZ8F,4842.378827
MUGEACY8Q7ZYSTN8,1545.249335
ACCEGG9VGRMQGHRD,7420.606703
PCSE76X48PVSDDVK,1089.82408
PBXE6677X2D6UFZZ,5699.506994
WCKEGGGD2TXHHTJC,311.2839277
NKCE7MMGF4PPGNA6,3302.74575
CRTECN2QYTPHK5YQ,4993.168474
OIDEJFCWMMR6JQBE,5669.274068
WATE5HFY4MJX6CHD,5388.604028
DREE4FC4TAR8M5GN,1356.418543
HACEGPF9DZVUZBFY,7813.161161
PBXE4Q7YF5KUYJYW,11716.7794
SHIED9YEH65NSA8N,9829.323483
WATDHMQJ68MVBRFV,13870.69531
HMBEGWTFEV4TF2RH,3174.886341
SHIE2FH7YTVDHFGT,3052.525305
CRTECN2QYRY2KWZF,3661.272214
TSHEDJXPN4HNT2UP,6156.348313
SHOECZH5WGBZHZES,2704.67864
NKCEDCT9MSAYG6H5,5406.018019
SOCEGGVYBTZPKXVP,4535.633517
PBXECARAQBCDSAZW,3589.410349
CAGDU85YDHP9ZJH7,2588.656842
TCVEHSMFEGNCAGYN,5009.595446
RNGEDAPFZ2GKRUER,865.4031242
CAGDY9Q7HSNDHGFC,3389.0148
NKCECKHYZVHBQU9F,479.0462509
NKCDQSVCRH8W73GF,6676.670627
WATD9H76RKGUUZHY,14065.57716
NKCE5HYVDQVATMKF,2005.562968
RNGE9GWMKVHGEYZG,4283.968712
SHOEAGUMMWFABHUT,3329.88962
SWDEGZMPYQGNEBHG,5016.310478
TOPEFDXSHZPHCUAU,9218.943349
CAGDU85Y85GDJGUD,1146.930716
CAGE4BQXK3FSTRRS,3346.841226
CAGDZVGTV3SMMMBY,5271.506164
BEOEGXRVQPCKJHYC,3437.936096
NKCE9YFBBYBM88DR,3185.605329
DREECZGZVWGQM23M,4111.647945
PBXECYF3YHWYG4UN,356.4592691
WATEBG8FGBPUPKCV,5017.354502
SHIEEJG9RRDUH9XG,3308.364226
CRTECN2QXAPEWXSF,2665.568182
BRAEE6YMSYPNCUX3,1338.239545
WATE9MVXJXHZHEJU,3360.76517
RNGDREYRQQGZAPQM,5733.421428
CTPEGGFSNDQFAAVE,3369.770234
NKCEF2RFAPHSHZZZ,3982.800182
TOPDYAZZG5NU7ZBZ,7175.463646
PBXE7QPWMSS5XGPZ,251.8886376
PCSECV3FHFAQ9T36,12246.04932
CRNEJB4NBT9BTM84,5243.760208
TSHEHU5RFJCTJKBV,6744.542429
DREECZJC3XBKGDZT,5453.86238
SUDEGGATGYXA9YBC,11906.28596
BRAE8WYHTVZMFFHS,5617.313973
SFFEGZBXTYFSYJQA,4175.178998
ACCEABVYXNHCT8UE,5405.664297
BWLE6SJE9PXGV6DD,958.8964015
NKCDYQ3RHYREHHYV,3881.1568
NKCECDCRWDMZEH2Z,3057.614577
SRTEH2F6HUZMQ6SJ,7133.628639
BRAE6KWFGZFXKPPB,3435.094488
HACEJQY5FQRZZUGM,8556.586589
CAGEYUXVF2FNARKD,3237.042813
NKCE7M3QTHTCGVVF,4034.200481
TOPE8PBFNH9YNHFK,5035.53629
BRAEDQFRZS9QFYTQ,1355.723689
HMBEJCMMQR2JHFVP,2113.736966
ACCDRFVG52PHVRSK,7580.268185
NKCE7MBR4QRBASDQ,3179.880665
NKCDWBPZNZU5K2QZ,3444.512772
BRAE8HMQATXFHFGZ,3898.795389
MUGEAGGKEGCPWWPN,3356.773983
BKPEGXYWWJPETZZA,5228.015993
SGLEGBV6ZNUJNJS9,5997.892556
CAGEYUXVAKNKDUUV,6459.419599
NKCEDH9ANZGDAUWG,3095.132583
NKCE5EHJHS38BUWB,3440.4959
PBXE9YWGRFUQXHQH,12833.49232
SHIE3QDHP5RDGMZY,2623.390054
RNGE9HDVMPVBYPGJ,3362.247882
SCHE4YSTCUUSJWCK,2009.110524
SNDEGGTV9XERMGHH,7150.153323
PBXE92XFUMB7QWY6,8487.08105
CRTECN2QYK2R2PUS,4172.79353
TOPEEEPVYHHF9HGW,3419.101232
MUGE8F5RDEYMH4YH,3867.559972
NKCE52CSJ2GUY64G,1410.151885
SHOE2K68QHZ3DWZF,3888.324833
DREE9YJHZZHWHAU7,4037.639581
NKCEACYSHS4MGKGY,13310.27909
CAGECT64KH6CZVMR,14302.12899
WATD9H76RG5FQT5Y,14429.94345
NKCE5UY97ACC9QAZ,508.2278289
LJGEG6UPBW8GKPRD,3389.716892
PBXEBFGFRM5797BZ,4626.21077
RNGEAY8GRWYMYSAK,5103.46155
SHOEF9G8WTWGAAFB,3859.579934
PBXE5ZJZSAC73ZED,7940.099387
NKCEYYX9HJWJXAA8,3570.79008
CAGDTFSHTF6TRBFZ,4465.112302
PBXE6E6YDZDNVKQH,701.8334334
TROEGNQDQNGN99PJ,4425.645755
CRTECN2QXC68CTUM,6420.696662
CRTECN2QZNXTGGXG,5397.968585
VANE4VND2XHZRCNT,936.216081
NKCE8SESMHF2VSRM,3777.090423
SHOEBYY4ZDWGQGEW,7771.286394
NKCEB7935AJSADGR,3796.592356
SHIEBAXYS3FUTX8Z,6529.500287
NKCE2YCPKAPWDH8C,2927.380669
FABE92NVHZHSFHGT,3331.880412
SHIE93YGTRAV6XTW,5631.186169
CSOEGTPR39XZHZJY,4949.370128
WATE5HFYHPFHRCHY,5085.359551
BRAEBHCHY6VVRNRQ,1866.936662
NKCE5QPMUZRQFDAZ,1897.107922
NKCE9ABEE5HDWZSM,6146.376019
SHOEJCZ28JFRY9RR,5984.982593
PSLEAVTQQXEXZYYZ,4794.40384
SHOE66V8UMNGZKYM,985.0407809
SHIE5HBGWKWJWFRA,3834.294754
TOPE4HXDZHPR9K2C,1698.47931
BRAEBCTWGWYRWXHC,5485.916803
TOPE6ZCJBVZY3HBH,4411.934331
CRNEG7BKMFFYHQ8Z,4840.862357
SHOE7DJBEPYGQPHF,3855.90124
ACCEHY86UG6B63AZ,4653.217307
BLBEJR23J2CTPFAU,6165.766732
ACCEEV5V5VD5DR9C,807.1678913
UMBEJZFHE285UEV2,5982.130381
SHOEBN3FFYG75P3D,3001.073503
NKCEFGFURYNWH2DR,3796.011791
ETHEJG7NW4M4AFCZ,6853.406987
SWSE9UH4KXCHZHRJ,3534.90915
CRTECN2QZ7XUGBR6,4248.928702
BRAEDNX2NHZX5PKN,9916.269188
BRAE73KFJGNSP2NP,2040.169186
MAHEDFPZVKF79JVQ,3892.630306
NKCECRQY6MGHBPQ3,8878.927175
CRTECN2QYYWUXHRP,3367.001987
CPCEKY4TKBYFE7PH,5696.147024
TOPEA8HNSZB8VGUR,2388.241539
TOPECJZ4ZDXQZB4A,5258.306819
SHIE92XGJHG4HH5E,6203.168334
CRTECN2QVSZXUG7X,4929.638062
BRAEBBYRUSRHZD34,7613.284408
IFPEE76BG92E5SVS,5844.784095
CAGEBZ7UGCZZHVTE,187.6735573
CAGE3GFTPMNXPZAG,767.1318802
SWTEDX3KRCTNHUGY,6285.489825
BBAEFKXVXVM8SYZW,7120.708152
PENEGZ6RHFWHX7JX,1455.631952
ETHEGFZFQT7ZCH3U,3248.451908
TOPEE2FFAXQGSUZH,5370.178834
CRTECN2QWAGCHYGC,3868.28801
SNDEJGWQSWNHXXA3,11975.76752
BHGEGTAVKNNCPUGG,13490.82735
BBAEGNUNHHZEYSPD,485.2357259
NKCEANMPZYMHYEA3,428.8191989
RNGE88Q9FH632SHU,1154.837735
SNDE7PY9TG8P7YYR,794.0997152
SNDEHZQ7YZAHAZYP,4838.576398
CRTECN2RDAKXQHYH,3671.824708
SNDEAVZ4MSGYFBUD,1539.215121
RTRDWBPC23ZAYMSE,10530.09161
PCSDYQEW5ZMFBVFQ,11003.15206
DREECZJBH8KGCZHT,8523.596301
CAGED654SQMMADH7,2030.324134
MFLEYGFH8PFBVRDG,5043.000467
SHIEBWNUURZ8BWDZ,4183.098763
BRAECTFYXKNAVFAN,5722.388971
BRAECBVGHCB2FN49,4802.816141
SHOEHX7CGSEMUENU,2662.657024
CRTEB774NHSDW3DV,2323.494118
VLBEGZ7SZFZBUGBZ,6011.742544
BRAEGJFXGYFPGHYG,4816.111245
ACCEGKG4S4B7QGGT,2034.334907
BBAECKHYXGE3VJXB,1616.309381
BBAEDVYSEN75YZZ7,6536.34552
RTRDYZCGGJFBU6XM,3363.652172
CAGEBTJBB5X8GCF8,842.1780516
HLUEJQ3UVGNXSPZG,7819.028169
NKCE8RB5WSWKJPFR,3778.382351
BRAEDFYYKNGBGPF3,6733.207756
SHIE2CAJP6XBWPU2,3429.573235
SHOE2GUJW6XNFG3W,602.9967302
TWCEJFXHGDSG5XZV,6516.957482
NKCE9Z2JYUYZ2JZ3,10505.93407
WATE54YZWYXR6Z7J,2357.09635
SWTEEYFFFRWGKZR5,5732.848827
NKCE6NHRGQJHWFDK,4979.777592
NKCEYM3B6ZP3YSQQ,3652.43779
PAEE8AHWJWMDAXZU,7713.321932
RTRDZK8XCUEKZDFZ,609.2246736
TOPEHZMHJHEMRDHY,3067.871
NKCE9AZMPE3PJPEW,627.492775
BRAEAR7WUYD3CZAT,2560.65928
BRAEG7AYZAQBS3EH,6321.726142
BRAEDQEEYYH4WRQK,4685.02193
BRAE4F8NCQJFTGEZ,5592.064424
MUGEACY87HUCUYCD,3754.950269
BOTEDSEN9ZSFUUAQ,679.843585
WATE3GEYE8JQT7WM,5844.92212
TOPEB96CYHMPMDKH,2784.947651
NKCE5QGT7GFDSUZK,1999.803901
VESEGZRVWZEYTVMG,6871.335047
SCHE4YSTHJSYEJHJ,2996.759578
KLSEGT5ZUGR9FQXE,6321.750947
NKCE79CGHYMSS7GH,3298.833013
JEAE8CZGJ8PGGHRQ,813.3465554
SHOEC8QGWFF2VXAN,2955.921833
SHIE6G75RNDQSGUQ,2016.798579
SHODZ5YHTEHZTR3V,4165.935312
ACCEKFVVZJMTYWPK,3759.850351
DRPEHGFFGQTXK3E3,2922.812775
CRGE4XJBHZGHJYGU,7082.558655
NKCE9Q93F3HJYGZT,310.1900022
SNDEGJFV5J8CTGJV,7593.090333
SUDEHYGUMT6UGYAR,3473.362586
RNGE7M92HQECSUYG,6704.938174
TOPE7ZHYDE2MKNHF,3934.115095
NKCEBHGBEABMWDKA,5356.911727
PACE7ZNHBP4FASAQ,2631.079234
NKCE7A3XXTTBHHC6,3946.717298
WCKE2TFYTHBHTP5B,5148.971164
BRAEDTPDZSCRZCYG,5407.146082
SHOEBKEYSKS87GKG,3736.156401
CAGDUGFYGG2KWWK7,10002.49377
SHODZDAE6FKCC8AH,570.2905069
SGLEGBV5STVHGKTD,5638.429843
RTREBVK9HX8XJH2T,343.5423015
PCSEAKVBGC7CJQZT,10498.3337
MATEB88T7MVJGSG5,5620.590953
WATDJYPXKHPPNGQK,7639.854485
BRAE8QNFFGWGG5MY,1913.819134
NKCDWBPZZSYWKHE9,1966.341001
USGEJPQHT8YPZ7D8,3212.574424
NKCEFKBYHXQ8VVF8,443.97151
SHOE4JCEZDRSHC4S,3245.146564
ACCE9E2RT56M3GSU,4513.086734
CRTECN2QXQGJ7JZD,3397.516045
TOPEBS26V3JRYSF3,752.2382028
NKCECZNMRRVZ9YWF,283.6661435
CAGE75QCGVXYV78T,3126.926705
WATDG9F74GYWEH4U,1778.601607
BRAE3WVQPYSZ54FF,6891.015699
SWSEBHCP9JC4GQKT,4513.415724
MUGEBJ7XAFVH25VD,2054.509141
LJGEATZRDCFAJGYZ,5731.269442
BRAEBXRB8GFZ6HM6,4308.565259
RNGEDAPFZWSSMHYW,1094.359124
DREEHFABXP5AUZA8,5248.490471
RTRDFFYGJ4GNRSHQ,9225.451589
CBREFYM9TSSUHJSQ,2815.769848
PBXE6EF4PSJX9WXH,3444.65028
CRTEHSS9UZJZYMZD,445.3063399
DRPEHYHG9YYHD2HH,4499.892111
CAGE9AGR4VWWTDY4,7731.100649
AVCEJCJQWBYMNPGU,2097.053255
BRAE7T3WADAJU4ZS,2055.098186
TPYEGGUFSKXJFYY5,6926.52897
SUDEHYGU4GE9UCXJ,5569.401374
FABEB2TXH4MGQC2H,5104.393426
NKCE9G2BZAGKXPGY,4510.231423
TOPE8H5DJWGAY2CD,9582.5632
BBAEGGF3HF3ZPBVG,1631.532846
ACCEC87TREZYJJPE,6661.421493
DRPEHYHMEZHDYRK5,3828.452569
NKCE5VAAPVP5DGMZ,510.4838736
NKCEBZN92EJ7PDFH,3292.396532
ACCDXFPYT58AGGAF,7083.058849
MUGEGZUHX744RFEN,5624.525422
RNGE8Z3KSHGCMSCP,3259.872736
SHIEYZ3F3QWMYNEC,3258.29793
SHOEJCZ2JNGJSPEJ,7379.079048
CRTEB774RSGGQZ9U,3412.702022
BRAE8AJZW5QBNWAZ,2200.509931
CRTECN2QZ8CWZEFZ,5596.55509
SHIE9FMZAH4U4H6Z,429.9049631
CAGE68FFYRMDRF3X,8988.06696
NKCE3GNVPGUYY8AZ,3247.704164
PCSE4ZQ8TRUZDMEU,1300.071768
PACEC89YGNYZCMC4,766.3963833
NKCE9YX24KHRDNHG,3227.901547
FABE88MGUBPCQWR8,2558.617652
ACCEH74HAGTY6W8P,878.3259942
NKCECGVARVRMARSS,6504.396653
CRTECN2QZXFVEPGG,4321.611283
NKCEC8AZQUFGUXGH,2121.495103
SHOED6C5ZGCBKTP2,2720.210844
RTRD7HN3BBE7G9YT,3487.729424
ACCEA8JPDNTF7NZN,1741.596994
NKCEBHGBAFBCXXYC,957.8173213
PCSEC86VGEWVKHWZ,14072.41942
SHOE3URGYEVZ55GD,2974.396541
NKCE9PFFQHU7GTU7,9553.839585
CRTECN2RCH9CG4SA,6257.086901
TSHEHU5RWUGEAJFE,5450.828351
PBXE92G5YEA7JAHZ,4999.264147
ACCE8XUCYRB9ATHZ,4322.990876
CRTECN2QWEDYMDNQ,706.3078318
PTPEYCF7GZU2T54E,2234.012963
SHOEC9FZ3BAF7ASF,4161.079855
CAGE7DSFQGVEGHC8,6135.270499
SHODUMFYWTPDYNX6,5153.058568
ACCE6P3BBZD72UJ6,839.3298373
NKCEFG3CHGEHMRTD,3162.027035
RNGEDAKBYYVCFWZP,7551.953812
TROEGZ65YHBQKG9T,5816.196478
BRAEDSKCXVNYXGA6,1496.941344
NKCE9ZVGMHZVTF2D,4618.8689
WATDUKHHH4SQXDAK,5177.792405
CAGE745BJ67RZCRR,2289.373607
PCSEAKVBNSFWGBGE,1242.553033
TSHEHV9TPRUBUENE,4578.400745
SHOEY8RMVZV3UY3A,3926.108102
TOPEGWUTW6GWYSBE,2313.085892
ACCDQDYBYVQZNHCH,8841.821611
MUGEBFGF6MDQGHBG,3943.399301
CAGE6HHHUHFQSAPW,484.8795613
RNGE7GVYAP66GRDD,4199.393744
PBXE5SUCYEBBSFXJ,10621.40029
BRAEBBMQZBZHCFAJ,4433.295682
BRAEAC839PBQV9KF,1175.825028
BRAEAW9HT2EUZD3X,2078.564952
SHIE2QTSMSXF9QAH,3624.445246
RTRD6FYYWFHEYJYE,5277.80472
CAGEFPY9ZSFFNVAW,9891.442418
ACCEGKTSGJEEVTZ4,965.6026368
AIREDJCGZN2HKZHJ,3248.350778
BRAEA5MZ8VZHNGGH,7795.225741
CRTECN2QX53WHTKZ,2784.663902
JWSEBCY4HDWGJZBT,1341.929664
BRAEB2ZTVYY3UKWA,1946.432573
WATDZMBRPYAYTP4G,7137.026307
TOPE7WAUFEYYDXKG,9605.038633
TSHE4DTF53HPYMU4,4200.576407
BLAEE3YXZGWWT8UD,6384.060445
RNGE7M925YCWZZRR,6772.060942
BKPEGXWHXG4GZWET,1091.371701
RTRE8GJUFNETVUMZ,5225.862692
SWTECXPHFVTHWJF7,10885.06006
SHIECKYBNNY2BNZD,4309.520677
WATE7GP3JZMFEGZG,10934.86459
CAGE68FFHZRTSZS5,4240.361266
ACCEGYP2TMX2NUPH,5757.319031
NKCE9YFBBNJ82UVB,4123.212983
HMBDRUCNJSJQRRGC,6713.269253
CAGE3GFTQ3UHZ4TC,843.9596044
NKCDTAXF2EYZ7MP8,2922.381336
LJGEYSUNTPQZG4ZG,976.9413938
TOPEGF4KEGGVMSXX,5334.636763
TSHECQKNFFER2ERM,3731.967437
PBXE9YWGTS7NGYKT,2097.341782
WATDZ5HGXEYDHBWD,13941.42328
PRCDVFAFM2FPJBMZ,1710.137519
PTPE2F33QGYXMHGW,3926.403976
KRTEJCZ4M7FD3NJS,2742.759576
NKCEAPCYFBP4UJ3V,3194.476196
CAGEBTJBRFGAUQQB,5156.20802
MUGEAGGKZFYBUMP9,2443.379658
ACCEAZCVGGGWZGKU,829.0185662
CRTECN2QVV7UJQNH,4952.354165
NKCDXEGWS7VWXSEJ,2915.132308
NKCDY44FMPNQHFFN,2006.028333
NKCE8JXS2AAKUGGD,3700.506208
RNGE88FRWWZECGGM,6781.472552
BRAE7GU9K3E2PWGC,353.3888568
VASEHU9W3N9RDPGZ,7394.009553
PCSEC86VSX45XVZS,12590.96179
NKCE49ATF8BFHDVP,1494.313379
KTAEHETVCXXZRXGK,10180.19456
KTAEHE9HAED4VUQB,5596.049174
PACE472CMNPGQY2W,2723.131649
NKCEAPCYFTHYVARD,535.5059666
SHODPH4GZWVXE5RB,942.8365518
BRAEB3KBY393GUHA,10260.08711
BRAEB2S8RZZRXMT3,2315.556834
PCSEAH5WWRYGEVGZ,7575.702185
NKCEAVZ3C9CRDB6Z,337.8850518
RTRDZTF9URF2UFPF,9362.261473
CAGE6HYJDNZJVADS,4597.831998
SWSEBHCPZGHMBKJY,3803.032456
ACCDQGVSDZ92ZWGW,2988.43591
NKCE4CSZUZWHUTFS,414.6308261
ACCEGKFHRFGN6XZB,842.9547618
BRAECGQ4GW73HJFV,986.0997821
CRTECN2QXZ9ETCGB,3740.184042
MUGE6A5HZUJ924WH,2477.087308
BRAEE6YMK83RB9MZ,889.747028
TMLED6G5MJQGNZHS,4538.611209
NKCEFGFUZURHNH6R,2991.867124
NKCE7ZPRQX9SBZXN,2379.343584
VANE3KUFUXF2CVHU,5334.106022
NKCED6EYN4ZPK9AA,8128.929926
RNGEDF5HDGKZGA3T,1239.506248
ACCEAZCVVFPBJAGB,1164.787033
PBXEDCSE8CHTATYY,4601.095772
TOPEFYB6HRPPCD8R,6770.609427
RTRDTSBQW94HJ8VT,187.1352973
NKCEYGTGJ65HSJ9Y,2267.874838
NKCEFFFPGEJSTBJP,459.203136
NKCDYASFYGXZESTM,3281.73214
NKCE6SR4H3EHXWNA,3782.679533
AUDCY8T7KPEG3ZZF,6061.189768
NKCDWBPZCHZEYT7S,3532.38709
NKCDYARBFFBQYKFH,3830.826128
TOPEBZYTWUYMJXSG,5116.104061
DRPEG3ZH7GJFFZDM,6654.813695
SNDE6KNAQN3GFRQG,7573.224656
WFCEHYZMGJQWVVZU,5680.048633
ACCEGZ6BRBTGQWZY,4002.396248
CRTECN2QXH4N9WZS,3058.565474
PTPDZYCEDURXTYRF,2094.837263
ARPEEMC95HMYAJNH,5523.000928
SFFEGKYYDWTZTEQC,4295.056127
PCSEC86VCFQYV6QG,6427.936834
BCHEHYMBZQ8ABUUY,1659.916735
RNGE87FCQJ9GRKWZ,4926.65461
NKCE5ZHWX6Z8PBFH,2041.284338
BRFEJYHNGYSX9T9D,2459.485197
TOPE7ZHYQFFHPCBX,4784.080474
CAGED6YFBH8NZQM8,720.518556
STREDF58JH3GQZF9,2624.065293
BRAEA5MZDQKHUQCT,3237.245506
MUGEBFGF6ZUHKH4C,643.4542048
CRTECYY4GFDJFKBD,4502.415501
WATDZRZGZAM7HDGV,6786.128613
CRTEHSSCVTZ3DB72,1052.408165
NKCDXZGUZKNYVXG9,10910.28406
TOPEBN6MZNGGZEMY,11021.42603
MUGEACY8VQRMM4FX,2400.481251
NKCE5UY9HQTQ8TBG,7560.942247
SCHE4ZYTVE8DY5PP,3535.999102
RNGE9GWPJH9MMNWX,5784.281909
CAGE8FG3CYVFG2GM,2641.142596
SHIEHXZMQPC4GT6F,891.7076187
ACBEHDU9Z9DGZP9Z,5294.7775
BRAE6KWFPZWJ2FHH,2069.382281
TSHE8CAWEGE3CUPM,3723.542464
SHIE9J6PFGP9DZAH,4098.714868
CAGEYFZWNCKDDXXQ,1246.935821
JCKEEABZDWF9VU7N,7184.728855
SOPEJ7SCRS3SKFGP,4733.390431
WATE9MVXHMTCFZSP,571.1098784
CRTECN2QXMXFUYRD,1492.827103
RNGE96Y49HCWGUGH,960.5148032
BRAE9RDQYNWZBYJF,2039.005336
RTRECFHX3TDFD9SP,8217.922805
BRAE59YTMB36ZVFG,7472.845662
ACCEGZ6B9MYUTYST,6591.471104
SHIEF8DUHZJP8MVC,763.1863558
LJGEG52SCZ5WZBKZ,4302.770911
SHTECN9HDECRYPF8,6896.232598
CSKEH3JPF4EJVBSF,6885.708331
BRAEBBYRYT9WDJRQ,972.2661396
SFFEGGJYFJWAV4HV,3678.335414
CBKEHGUY3GEHDSFY,5550.346415
NKCE73V3DADAVHDU,3980.877979
TOPEGF6QDCGCHHXY,952.387358
RNGE3YSWFWYYHNCA,5747.179708
NKCE8HSQJQBPRSGY,6205.027671
CAGDU9C3QVCBMQKQ,3500.987601
BRAEDQDFMNC6MQZW,1154.146036
SHOECB92BGNGSZGZ,659.117339
DREEAVBXKQUUVJUT,4553.076411
WCKE2TFYZGPGDGGV,4235.827556
CAGE9AGRUGPHV5FM,6833.633649
BRAEBB6TT8GKVG8A,2207.53146
CRTECN2QUCSMF4SX,2839.792847
BCHEHYUKDZZPZBH2,2348.870706
BRAE8JUHJB794RZY,7558.943906
BRAE4DJMZCWYGDJU,5018.268474
GLSEJGVBRQMYV7NE,6930.427745
NKCE9Q93HRESPRBU,5859.99432
NKCECATQF8ZXGXJS,524.7688674
ETHEJG7NHGRFGHHK,10807.50615
NKCEASCZBAEB2Y63,2588.363964
ACCDSY8ERUYRYSUA,1261.30552
BRAEDH76V3J4FBWQ,6582.44528
HACEGPF9FJFJQU2R,797.8356106
ACCEGBTPV5PPBHVD,6115.055951
PCSEAH5WCDGS8YCZ,2657.705058
RTRDRUZCPNJ3MTAT,553.5380755
PBXE68H4WBX5AFCH,3276.430966
RNGEHFDYHVSR3SMH,3048.237398
DREEDR97ZHGNPWFR,5365.133244
NKCE9ZGXGSETFAZU,2794.052224
SWDEGU4MDSDGGJHN,1154.569193
PCSE3X2TJCZGDYYZ,15821.1547
MUGEACY86QBJGTZA,4203.68776
CRTECN2QXC7HYKPG,8562.055083
NKCDTAXFXWPKGZAN,505.6553892
USGE9ZHVSVH9FVHP,1075.291966
TROEHQYAHGHUEXXZ,6218.798415
NKCED8SK6UNMAZST,6650.446816
TUNE8XCD5NGNPDYJ,1233.273616
KRTE7X8NADSVDEET,7622.023249
FABE789N7XA5E9GY,3740.38899
IRNEGYYU2ZVJQQ5T,3965.529597
ACCEH5Z2YUKYQBFP,4236.377985
FABEADKAG5XYGZHK,2841.463583
BRAEDSGAUHAZHBY5,6082.79983
CSKEH3JPCEGTMZFP,3926.910307
SUDEGVG6YTPMYPU4,2033.743596
NKCE48ZU6EAYFSCM,2164.99601
SNDEDFE6QPNQRAXF,8898.127197
SFFEGP24CR5VDNZC,7089.998606
TOPEGGE5GRFUTGGB,8973.889175
EMLEGMZRZGDARGR8,4100.180036
CRTECN2QVPG3DY7K,2847.800473
MUGE8VY8HZAM3ZRK,680.1942364
SNDEGAJFFK2KKKRF,4461.268337
BRAEDASWQDSYNUV3,7580.48256
PCSDY5AHM2SEJM4K,6233.756173
NKCECG6ZNH9NXFFH,3966.829149
WATECE855W5YFE3H,2917.222872
SHODWMHHCXTD47NQ,5340.053203
CRTECN2QYCZPHYHH,2873.7369
GOGEHZ5P6TWYBFXB,2557.801496
TCVEHSMY2TNTCKNC,7818.751019
SFFEH2FGABYNF47W,5191.952898
MUGEAGGKZFD7ME7F,1771.578207
TOPE7QTUGVGEFKH6,3673.308433
TSHE4S26ZSFE9JTB,3337.384242
MUGEGZUJBNU4Y2CH,571.7061899
WATDUNJ7PGYUWDGQ,8101.333706
NKCEAJKYW5CDKBEV,9364.867554
PACDZUDMCHKDHGXA,3334.707831
BRAE8TFHGXKFFMAQ,1652.944967
NKCE87C3JAXKXZRJ,3058.093892
NKCECQYZ24MSM3ZZ,3069.091469
SNDECZJR6APCXEZ4,11713.39844
TOPED9T3FXS8CP8M,6015.103907
ECIEF7MGVGZAZMGG,5011.340152
SHIE7DFNYZC6YWTT,568.0051399
SUDEJFBRVYEUZUDH,3207.863129
MNKEYGQMJHGZ4ZRX,1709.929307
BRAE8MVUMSMBMNJS,3389.129339
NKCEBBYSAJKEEQ8K,2952.158838
SNDE9WZJJ8YXWU5Q,8623.268962
CRTECN2QSXEHJHR5,4150.500464
BRAE9TBZWWACJHJ8,3000.949229
SHIE9FMP3RBSYMEV,6747.087527
DREE4DF4DQYMGDJV,5195.24012
NKCECZKQGZXVZ2RY,10117.57913
DRPEHYHKYSXETBBJ,3875.775933
LJGE9UG8WCYXPCHA,4579.674836
GLSEHFUGQRHPBV8D,732.0409869
TOPE954FERN5VZYH,4815.056896
TOPE7JZU5WZZVYDT,8386.231538
JWSECGFU8YKHTSMU,3873.65378
RTREF3PRF3M9FMEF,3639.632135
PTPEAT32HSGZFHVY,3330.149104
TSHEHU5RQSZZHSKF,6029.918288
NKCE2RPCN6RCTGDG,6199.722576
ACCE45UGGC7GVAVG,6559.646214
WATEBFPXFYMWJGJZ,8664.084227
DRPEFZDBMRGECGZG,5132.789765
TOPE2HZRFKVVTCKU,4341.848393
CRTECN2QYKFNFXCZ,2134.551827
PCSEC86VEVSKD5ZY,1834.168348
SGLE8YSWHJAGP3WJ,9397.530166
RNGE88Q9HE9RQYEM,9109.289744
CRTEA7HAFUMPQNHJ,4666.277102
TUNEB42QBZHYP57B,2087.394712
MTYEGUA2VUJ9UDGX,9839.959121
PAEE8NDKHJ7ERAPT,7106.181152
SCFEHDJKTM826ZRA,4474.932559
RTRDFFYGKJAXPUUG,528.2544149
BRAEDQDFGYCZUFEJ,1627.5308
WATDK2G2WM5XHF9S,6345.954204
BRAE3P8YWVZGNYZH,5363.346308
BRAEBKJSNVGDG4DP,2710.979258
MUGE7DUFGUZDQMTQ,1956.481637
BRAE7Y46JXZJHN47,6909.224807
CRTECN2QVB7UDF2P,2600.40467
CAGE76FNT9D99PZK,2907.516896
MUGEAGGKHFAM4YZG,519.6539244
DREECRS4EHXNA9UH,4108.129692
NKCDU4RZC2AFABJV,3137.286383
SNDECYHFHV7XHZNN,8232.174469
DRPEHYHGSSEPB6HW,4766.324221
MUGEGZUHVZ4Y85DV,1872.915229
BRAEBBMQYHRSZ5JC,2533.918442
NKCEAPCXCP8GZG5Y,2569.926809
RNGDWKZN9DSHFHYY,3417.372385
PACEB7GGJXVVDZFZ,1899.669932
BRAEDQDFSDVTSSWK,2363.570365
NKCDWBPZAJH88YAZ,3176.192317
NKCEB774SNZGVYW3,556.8088193
RNGE88FRA9DMA4UZ,3896.787008
BDSEJJ6USEQZS3QA,1298.295417
MUGE9HRRKMGKHMRT,708.6470175
NKCEAX7HH7BFTFHF,3989.71394
NKCDUYA5PQWDKMBZ,2504.351977
WATEFWP4V5ZEHZZY,3415.41522
BRAE8QNFXPTNHXKB,6975.044024
NKCDWBPZGZJNYCCS,3716.849023
BRAEDZ7TZNFQTXZA,2014.03813
CSPEGNS9GZVAGRY7,4793.828437
NKCE6XU6DA4HYYGN,3655.184072
CRTECN2QYMHJKQ3G,128.0118869
LJGEATZSESZPRQX3,3355.800646
CAGEBTGHSVHHWPG6,7769.945161
SOCEJZT8FMXJ8VHZ,4966.794932
FLUEGKG2K93HY9TC,3963.602606
SUDEHYGVDNRHYPTW,5657.019797
NKCECZKQCFGWJ36A,2379.79216
TOPEHZNQGZJYYJHE,759.0973087
NKCECGVBWQWGZUVG,1656.123038
BRAEDUXKVAPEV9G6,7317.062107
RTRDYYTZSUUNFFUT,500.381676
BRAE3WVQZZUJA4JW,5289.25767
PELEGHQP8GMXYF6V,3361.940343
NKCE9YFCEG5FXMAH,3866.736085
TOPDZGV8GUEXZNUT,4905.436189
WATDZ5HGRGZG4AFT,9108.48579
MUGEACY8DDWFGRUA,2152.976896
RTRE7FT9VKRGNTRR,7797.252647
RNGE7M9279JQH6M2,6478.037801
RNGE86J7VJNYBSHZ,3427.736525
TOPEHZSMJYWRYH8F,566.1061287
BLAEE3YX3WETHSZD,6130.147095
ACCEAZCVEKWMNSEY,1369.253163
SHIEB7A6NCNJNZJD,3948.104268
WATE2FAHHP3FEYG6,9453.482042
TOPE9PSGHRKUCXKM,6002.892249
MUGEAGGKKDAXEA36,3699.376051
TOPDX9TF4PYJMX7B,3276.46566
SHIE9J6PVG9ZE9M5,3879.619411
TOPDZFGCFH8AMJ4B,4786.264428
RNGEA9ZXDDFHAVMZ,686.1199258
PLLEHQV78ZFHTE7X,2905.39365
BRAEDTGQMXYVF7NB,1050.619149
CRTECN2QVSZP8JDW,413.756734
KRTE5PEEG7YAGENZ,11369.82091
NKCECGVBKYNJGZZQ,4237.234199
RNGEDAK2KK6VXQQ5,7383.848702
RTREF3PGZGTGBHT7,6117.639484
MUGEYYXFNGQ6A3FP,3907.87157
SLOEBHYNHETSRBXN,5776.412782
ARPEGDHSXZJSHGSN,3444.99035
NKCECPHGBUZPN2KU,5775.157292
VSBEGBH9QBHT2MQF,1102.275771
BRAEB2ZTXQQTYTEP,2025.0443
PANEENEMG9NPM2QQ,747.387044
SNDEHZQ7MMN272VX,3957.061724
NKCED2ZGYAP3UKJY,6316.810451
PCSEC86VKYNCPSDK,2258.856373
PBXEBYHYS3UXVBE5,4465.232986
NKCE8ZJ2PXWJQZZX,3088.008177
AIREGHYGSZKZYZBB,4171.692801
HMBEE965MNXMUSFY,6768.805784
HAREGG26JVZYCC8B,1988.867298
JEAE2KFRBNFZFWE6,3204.503809
DIAEJUCFFWRXYACA,5735.294938
PCSE76X4U7MFDPUZ,10112.1324
MUGEGZUHAVWFHSER,5032.070012
TCVEHSMFHCPGH9QJ,748.1694315
NKCEFNPJ5M9JZJR7,2275.265775
PTGEGUP5KM48MRRW,521.9077027
KRTECAVZHVTGR2YV,6853.328373
JWSE9KZTWGWKVYYH,6607.205296
PCSE95HXQE744G8Z,4911.747506
DREEGZ4CUZH5CATV,4395.58829
BRAEDQF7KGNJ2EEW,9031.304701
PTPE4P39G9SVGHRZ,527.1565764
NKCE4PZ6HYWFZUAN,391.490849
SNDEDFYPJFHXG98W,3104.305784
TSHEHU5RWCQXRWF9,4542.691902
CRTECN2QYVBX5Y4W,920.9100698
NKCE8HVPEPWAU2HF,2638.521674
PTGEGUZVM4X9XZWG,10250.83744
BRAEDH76Q44DNY23,7793.421852
INKEF7WMPUEH9G4V,3767.515478
CRTECN2QS5JJAFVP,5517.603003
SHOE2FQCE3QFC8ZM,3239.395664
TOPEEEPV4GFFSHJG,6284.938986
PACE43HF8JWNA2GY,3374.152575
PBXEAHTCHTG62WSA,3273.314915
PADEHZFJGQNSEVKC,4055.578381
BRAEDQFRZAAEWCDT,2962.561474
BRAEDSKCJJUEVC6B,1622.84573
WATE8PBFZKV5BYDZ,12321.38224
SNDEHYMXZTFRYZQV,6459.116378
NKCDXYFHPJ4UNFPU,3915.328342
RTRECTV9PSVC8Z9Y,1711.51338
BRAEDXPFA43N8HW9,7375.358171
PCSE4C9YYYYXGNFH,8421.110268
MUGEACY82SGHCHYY,5139.440807
CAGE7UCEDBWHWF48,3275.216195
ACCEDTNRADHZ35UD,1020.282642
SHOECKEYFVTA6E8S,6378.804761
CRTECN2QTK6FRYHR,2951.065219
NKCE7MMG7YSJCBZG,408.3801304
PTPEDDXTMZKMNXHX,4206.216263
ANKEGPVMFV9BJBJM,6045.145057
BRAE8WPSGGK9DQHX,4067.889189
KHREH26Z6GEDTYYH,1162.613957
NKCE9YX4TREBP4UZ,490.3797183
SHIEHYHMWMYPDFSU,4377.596189
BRAE7KQVYF75XZRE,5355.092996
TSHEHU5RHTSZSCAY,6564.077121
PAEE8EZHZFKKYMVK,6170.526608
NKCE7PZPCSNSCHWT,4135.523403
CAGEBFPEVT4JFGPC,3240.494361
NKCEBBYSAMV3GRMV,3119.13447
PAEEAMGFHMZW72XN,5663.69872
DRPEHYHNCZXNYFZH,1577.468743
NKCEFAG9U4ZHRHKU,3849.339878
BRAE5F3KGW3JVKJH,1644.27761
JWSEBUKYNF45Q8DG,4894.200014
BBAEGJFRDFNK9FCH,5967.565936
SHIEBY82HGZCTH5D,3763.065404
JUMEHUFGYXJYP29C,9184.403767
MUGEAGGKY7DVDTYA,3783.468553
SHOEBGHJZB2UKFC4,3968.243852
CRTECN2QYUDAZJ8T,2587.566009
WATDEWZ9UMDYPWYC,2069.792194
TROEGZ8QS74W4XR8,11312.55925
BRAEGJFX4ZCMZHH6,1195.965721
NKCECJPCUYJZZQTR,460.7293736
BLAEE6KTUAEBTDKS,9350.529456
MUGEACY8TXGZFHKY,404.2011052
BRAE8EHTNDJHDDAD,1698.620434
NKCEBFWTTMZH9MAR,5335.9992
FSEEHXHFG6KCYVVU,7148.228723
WATE3YHHFFCUGZFB,3815.066023
BRAEAM6PF9YRAWWQ,7059.224733
DTHEHTAZPGKDZXWH,4197.57641
BRAE7V2UXPZMDHQ7,7250.781455
CNBEJ9EDXWN8HQUU,4196.408553
TOPECYENWHHDGFCH,3750.186455
BOLEHUEBRTVCGWMK,3786.308472
TOPE8H5DGZH8GTDC,7848.06581
PAEE8G6NHEZMBWGH,7862.809486
LJGEG57E8US6WQWE,3104.886343
NKCEAVVRVBGADAHE,8671.616117
SHIEFZ2GJGAHATFG,2273.296969
NKCDZJB8WUWBH49M,3728.375614
HAREG4928QYXAP3E,7586.231469
PBXEBQGM4J4AWAWF,5631.920614
JGTECTXNVGH5GYM5,5235.084783
SHIECPXYNJ8UHGFN,6921.227661
NKCDWBPZ42YGY39Q,830.6162536
WATD9H76N5WQYVGJ,9341.810492
ACCEBWRHKPQCGJNF,4574.487121
NKCEB2S9MFVUCSQU,2444.702384
CRTECN2QVHHZ5THC,3473.730776
NKCDUEHCBEY7YZV8,1694.506649
SHOED5DCYU8HWRDH,3021.76678
ACCDQDYBKTC6G9GH,8103.340927
WATECVGYJXPGREKD,541.1490251
NKCE7TZG9AG6F3YB,4316.006533
PBXED6C4RKBW8SRE,426.8402719
CRTECN2QXHMJ87BG,2543.882986
SNDEGFJHB7XH9YPW,1129.790794
NKCEAVZ3ECSBFANG,4274.965082
BRAEB9ZNSUGGSFQV,4658.772263
WATE9CFHPAEU3G4B,5115.622791
NKCDYQ3RWGURBTAV,800.4635775
BRAECRHEHYDVDRTG,2323.041925
NKCED8HZ3VQRHGGF,428.2741135
BKPEGUJHQSJUZBVF,445.5349742
BRAECHF3WZHZBQX2,2136.257978
BRAECQGS8RZDBQXM,1941.765396
BRAEDNX2TYZYQQZ2,3835.559057
NKCEDAN8ZMVMTDMB,5311.307098
TUNEBE8ADAYHZ4PG,8252.50369
BRAEDN37XKYGFKGR,8166.473562
CRTECN2QYUBADBHF,3669.659631
SGLEGBV6USTHRNDH,3821.895968
NKCEAPCWZTGKKMGW,3230.486515
NKCDSRPAFNQEXDZG,782.3597853
ACCEGNVADAYPFTER,4238.312818
SHOECP78YDYPYPSE,3597.118458
NKCECKHZPB2JMPGF,11492.9737
CAGE79CEHJZX52XS,3216.266229
SHOEH4FSHEDEMVTM,3450.496762
NKCE5UY9JMZP9NGF,6397.881807
RNGEDAKAZXTGZNAM,5824.946774
BRAE5PKZBZGYZEMH,7898.519075
WATD9H76GH2CHZ48,1592.133403
ELWEG4DCHBUNHUAD,5732.015195
BRAEBBMQJ9ARUWCH,1726.286211
MUGEACY8FADKRHPW,1832.14374
SHIE53GCQDQEK7SF,6075.348089
TKPEG2Z2CWU9AHXG,506.9286656
TOPEGGA6H622PCDF,2238.25607
RNGEFP2XDHURBWYP,938.3950039
WATE5HFYAAFVDZMJ,8372.098465
HLUEJQ3TART8YBKJ,9997.695802
BDDEH93ZEEZY7CHM,803.2217603
SHOECXPMAQXZ3QPH,3961.039364
BRAE8X2ZZMYUZGGU,1627.533296
CRTECN2RCWZTMS2F,2496.012538
PHFEGJGHPSYKMHES,2005.027392
NKCEDHHPRYYZURBG,7351.468024
DSEEHETVWRX9FZDT,847.1565906
TOPE7H6NJKNYWBGN,2609.874667
BRAEAM5DR9NS5XPE,4301.510289
BBOEGP4HM4C5WXVC,1121.873336
TOPE7ZHZJY9AJM7H,6680.61787
BRFEHWGA3B6YEWNG,2260.85313
MUGEAGGKRHSXEGCV,3602.359417
NKCE6TNZZKEGKPGA,4495.262997
ACCEGH6RPWY9DHAB,5995.792162
SHIEBJH8XQ2TEASA,2846.537274
GLSEHFJZGQDR9Y6Q,5837.404158
ACCDQDYBDNZRPMSW,1107.781973
CRTECN2QVH5KUGW4,3902.403754
CRTEB774JMYWBRMV,4236.636219
BRAEAW9HUAWTZGSH,3530.032215
BRAEGJFXJGTRFEYE,1417.160933
SHIECRX5GAVFAKJ7,2854.140862
PCSEC86VU9PMZYMP,8584.143058
WATE8C5ZUTSGNEMF,3300.056921
NKCE2W3WYQZ7TCRA,668.3628531
BRAE7DRSNFESBUYT,5713.176742
PBXEBSMZKB3GTTS8,8477.988808
CAGE9ABAYFMUUH45,345.9824499
DREE8MF7NWZUYSBV,9401.13007
BRAE3WVQHJWKQZHZ,1908.921499
SHTEB5MNYHJJQGBJ,3976.188289
PAEE7A8QGN6WSYAG,12514.64695
MUGEACY8QAHZFFXV,2089.484611
AVCEJCHZ2GVMBVP2,732.154138
CAGEBTGG3AZRBFHE,2909.569457
TSHEGGCKYG5GGGMU,3284.746548
MUGEAGGKKZBHTBHW,2934.376513
PBXE7NYSPF4FKVY6,3272.508695
ARPEEMCAMGADRCGQ,4081.618389
ACCEF3Z2XMEEJVWE,7701.069413
SHOEFMRZZAXFQW4F,5700.351127
TWTEHH2B5EZ4PK6U,5209.885363
WATDXFGTMYAAZYW8,3107.071391
SHIE9J6PPZ44RZDK,4765.199909
NKCED6EXHFFHUFEW,12534.97238
PBXE78PHEKYZRPSC,10048.74283
CAYEJFYZ6B73NUMH,273.4976887
BRAE8RSAHXUVA9FQ,1649.105806
NKCE9W4ZNQGHCENM,1032.024732
SHTEDWHGGHUZZTMZ,1057.661537
NKCE7ZPRDS6PZTAA,2459.569267
SWTEDVZZ92PX48ZY,5018.183554
PCSEC86VZVTTBKJE,8096.327395
TKPDS6ZEWH4KF3SJ,7617.49648
NKCE2B57DXAZBYER,2414.585163
MUGE6A5HP6TG9YCQ,2652.067133
BRAEB2S8SVFDT9HA,3285.885295
FABE88MH9NNKPM4H,3531.339459
WBTDMEZTUWBPD5DM,4233.777047
VANE8KP4GWZPNKQZ,6217.79616
PCSE9R7E3AFG7F9H,1277.668238
ACCE8XZMBCKRGRVS,1596.879828
BAAEGHPNYQ5JMZNZ,7192.752629
NKCEASCZT3V6YGJV,2687.384023
TOPEYJZ7PUP4YRP3,2979.101702
PCSE4VAVUPCMZZ7A,4198.495057
BRAE5F3KHHPXDMUR,2678.131015
CRTEJU6FJTEHSVTR,5149.735502
PTPDVPFYEKTVFEZ8,2795.088596
JEAEHYZRRZDZZNWT,5807.628996
JWSDYFUFNYBSDY6B,879.9505938
CCVEFX3XNKFEF843,7257.957508
PACE66XREPHDU3NH,4520.771794
SUDEGGB3E5K4UNYW,693.4595104
NKCEB3ZCW2HXUSFX,1716.747088
PCSEBFEH9XA3B2DF,3071.813161
BRAEBCY3JXSJFNZH,2252.519054
CLTEHE9GGXJKCWCV,4814.791958
CAGE5QJG2PSHZA28,286.4129716
BRAEFR6JZXBQ9NJK,8208.119328
BRAEBCY3V4ZR8UUU,6346.675501
DREE3KKW8HYZJHZY,3702.622351
FABE92NVVHWSKHAX,4566.94696
CBKEJ3AZYYJTEHK6,5360.842493
SHIEA6YUZCDGZUCG,3796.596623
SHIE9J6PYBXBYHRZ,2594.667163
FABEADKA9VBM9DTM,4467.24395
BRAEB2S8TG98KYGJ,9986.191674
CRTECN2QX4FC2UAC,2716.060781
NKCEAQPGSPXZDCSA,5735.668253
NKCE5TFVHZDZTAYH,3308.427085
BRAECCDUHY5DYWFW,2637.148751
NKCEFFFP9THXHT7P,2071.885415
DREEAVB2QKSZN4HH,3925.717534
SNDEGSZD4WHWUEPU,7034.375575
NKCEA5FHH53NDT9H,4500.049192
NKCDU4RZYTKBTQPC,3040.787274
MUGEBFGFT2CSSGVM,1188.820248
PCSE2ZFDQHP9ENMD,7692.846217
SHOE3TZMQHKWG7TT,5047.368765
SOCEGHFY7ZZ9G48G,4124.378053
SHOEJUQGNBAHYR3E,6549.152073
PCSDY5AFFHEADFCS,8060.220438
BRAEGJFXJR4GPU2C,1415.301865
NKCE5UZHWVVB7FCU,3152.925284
BRAEBBYRHPZNNP6Z,1180.843866
PCSE98DZU6XXGY3C,6822.424046
NKCE4PZ6UJQG9QQE,1581.350924
PASEA46QFBTUGATC,2060.87524
CRTECN2QZAQWXEKU,3416.711145
CRTECN2QUHEXQ5BG,4955.349836
CAGE9ENYESDHRAZG,5149.323003
SLIEHUFGN6EAJZZV,1503.741209
BRAE7KQVPZXEUTHY,8548.896155
BRAE9RDPFQQHHNNE,8261.404639
SHIE853ADDAHYSFQ,1805.005889
PCSE9HAGHNGNRHZD,13168.53193
WATE7VE24DXUPMAG,9106.028834
PBXE4WZJC3ZN8NFC,9994.548113
CAGE6GQCC6YG7FTD,7269.343928
PCSE6SJGNDGTHPGR,1234.202835
TSHEGCZTUAZAYE7G,3131.984056
PCSE9YCZXDYVMBYZ,3987.221744
DREEDR97RXXXSZXX,2359.369046
BRAE8UZGGRVBCEHM,8568.582297
PBXE5YG7JZP48WAF,6464.965024
TOPE4NB7QJFGX4PV,5575.005999
NKCE6SR49QBZZHMP,10783.59048
ACCE8XZMFNFCDPXE,6074.717935
NKCE45SJXTBHBFPX,5180.549018
CRTECN2QVVZWDMVZ,2704.025571
MUGECEVFM93JBPEW,3605.912412
PCSECV3F9MXQZH3V,304.2458641
NKCE2RPCH7YGSPX9,5803.97394
SHOECVMMYCMGFZZP,3498.903801
SHTEDFFJMHZWSYT2,4483.885095
NKCEAZ6FBHSGCGAN,4430.448457
NKCEGZZGGGDCERGH,7235.864362
NKCDU4RZZAMFHSQY,3787.653922
CAGED6YFXAHXJSDH,1461.552099
WCTEHU6FYRC6WWCG,3985.593061
WATDZ5HGFJCH2FGY,7945.766444
IDMEHY86YP4NFZUG,3393.143482
NKCEFERXYKGHFACG,5022.691344
PBXEDDEFFMKZM3HG,514.5641448
VLBEJKMQ9QZS8ZXH,197.0793595
DREEG9JRZUZM5CBH,5720.220832
NKCE6GJ5JHFKSM6T,5352.28393
SHOEG5XHVBSU5BRW,4748.129291
BOTEEWFAGTNGUQ5A,4908.713887
ACCEGUY9XYXUMRDA,6692.715883
CRTECN2QUBFBECYZ,7201.958653
CRTECN2QSWDGMGZZ,4108.031
SHOECSWQCEZRR82X,820.3850886
WATDZ5HGGUGHEZMH,7712.468828
NKCED8EGPHGKRPBH,6024.764462
CWDEGNNW8YCD2VHQ,5430.011922
PBXE89GKDPBANA86,1235.738811
ACCEA7PVQP8H27UH,1228.172562
JCKEEB5YX5Q8HYBM,2343.263604
CAGE8PKGVCNS7JCH,5771.76131
NDNEBA9VUFJGTDEE,551.719221
BLUEJQRHM9VA48GF,6105.747809
PCSE6SJGCFMBG5PU,7185.692965
SHOEJP2GGGP2GGPB,1176.588343
CAGE8TQ8A7TPFYZN,2076.681356
TSHECHFVV3F5FHK2,3263.586916
TOPE3NVYHZNAEPHA,695.1995376
BDGEGEGCZ5ZDXBX9,11323.01672
PCSE3YFFCYQVRNYX,5984.914569
CRTECN2QW9H2NWF2,3112.705016
TOPE7ZHY4ZX6VHYU,4493.037429
NKCE9GY4ZH4Q4K69,391.8252908
KLSEGTBP3VQPZTHF,3685.709211
BRAEGGFEQRWYDHHK,4367.992874
PACECF9NDZG39YPR,4887.527657
SNDEGZ8XGC4BWUZF,5736.902179
CRTECN2QZVM6SHSJ,2830.386713
SFFEGJZHZPYSE7YD,3910.602188
NKCE9YFBJMTVANBC,906.1522363
BRAE9WYJXR43VESQ,1869.959905
FABE7D5ZSVVRPG75,3566.683154
ETHEGNMSZPZDZC6T,2851.236051
CRTECN2QWRACCVZW,3744.212965
CRTECN2QT6ZMHHHH,2838.498899
PBXE8W55A32CHXZD,466.6169865
SUDEGGAVHGYEQJAH,2803.944868
NKCEAZ6FXQFHJH2Z,434.576395
NKCDYFHQAKQ62MHT,2884.465074
PTPE7H5JD4MH5T4D,4097.162899
SHIEBQ8W6KQHQG6J,6143.936285
TKSEEB9MNUGDS9DZ,3692.959064
BRAEDAGATZZKMRNY,2245.5081
CPIEJCN3ASM9ZRXE,4162.138164
RTRDQGV3ZTKAZTPD,3420.721467
ARPEG54NHHJDT9FZ,4900.043301
ACCEBUEKVFFUX2DE,8476.24727
TSHEGYDYGFHGSHGY,5930.974225
VLBEGZ7SBMDMYTXZ,6176.884159
TOPE8ZAF4NMCGHR3,2835.577738
BRAEDQEDVYJV64GV,8113.507401
CRTECN2QSXKNSX8Z,2742.058214
BRAE3Y4ZP6GF4JKT,4473.886931
SHOEJWNPWBWCE7HQ,1622.809216
SUDEGVG6PJKDGW2Z,749.300354
WATEBS5YABDG6ART,5103.598142
JEAEGE8QCDDXCXFG,5239.879719
JEAEGFMHRSUHCHDY,11880.78451
SHOEC8QGTYTSYHRC,5298.201712
NKCECZJQS73UZGX3,2994.964335
CAGE8X8X5QEP5BWM,5176.221905
SHIECHC2G6B7JPTP,954.0789072
PTPEATF8HNUX8SGY,4207.985659
NKCE8BG8ZXHRZN9G,7859.303757
BRAEBG4ZBVZDWG8M,1405.679622
SNDECV6YCADQHMUQ,6845.948215
NKCEB98TYYUZE7BQ,4984.141262
TKPEJNSQMHREJYRD,5312.416958
NKCDUYA5RGAGR4PY,3762.106174
CRTECN2QSQX5H4GM,4260.636584
CRTECN2QVNAWZZHZ,3781.957403
NKCE6SR4YVMYZMGY,10122.66013
PBXEAJVRV5HNMDTR,288.0654098
SFFEGF6KZ9PPM4SN,4559.088723
RNGDY8PZCQHBYA8U,6900.670802
PCSEAH5W7RFFGKFN,4908.713887
RTRECZANMW6UAQ5A,4019.411692
PCSE9R3UWEMF57RQ,9323.402686
SUDEGGB4EZEJ7ZPV,4865.146965
BRAEBBMQZJWQQFEE,3463.93393
CRNEJB4NE9FYSGBR,2839.241128
NKCDR6BHVPTCG7HA,9909.676844
PTPE4JYTBXSZSZPF,3365.332907
ACCEGGAF75RZUBTU,13203.24286
NSTEG358AT2YQVV2,4562.301809
ACCEGKXQ9ZFSWKMU,835.2029311
SHOEBG6ZUGTSDGBU,4960.992577
FABE92NVJWFVRWTZ,3913.501986
ACCE8XZMEQ5C2MU7,5450.09726
SHIE2XDXPYYGJJZN,421.2747273
BRAE3RFCGHJGVJ9Y,9755.000757
NKCEA5FH9ZB34DEE,6088.689673
BRAECFAQXWGHUZDQ,1827.590192
SNDEBG864TPNPGSE,907.8593511
SHOE3MYBTPZVTGYM,4765.2127
NKCECW7BGWYRZ3BP,4079.790891
ACCEGGAYF5HTP4RG,100.4806207
BRAE8RSAJKCPQ4WP,7582.768439
ACCEGXK4RRVYHJZR,540.5621101
CRTECN2QWHKJ3PBU,4484.995542
DREECUW7PKBTZPRA,3977.260448
PCSE6SJGZWXPQY9G,2586.297361
WATDZ98SPFAQVHWR,8819.688396
CRTECN2QZ2HFUHH5,3224.940047
CRTECN2QS7YHAKV2,2152.485569
NKCDU4RZNVATGYZZ,1620.7375
TOPE7W4CTFFFDQBH,4390.993554
NKCE7MMGDBM6ZYT5,3782.842115
FABE92NUSYEWSG56,686.8987657
NKCEFFFPZC5FFNSY,4541.119166
BRAEGGER5HFB7YXT,8482.448768
KTAEGFPRCCS46ZMA,3412.061495
SUDEHYGUBYUKVZYJ,5678.38675
SHIEHZRCHVFEEVMR,6411.000568
RNGE9HEA2SSEK9ZD,605.7476394
BRAE74BRYKNFVGQE,2199.875991
AVCEFURSJBG924HG,634.4459154
DREECZJEPZNGBSFZ,3939.526471
SOCEJPT5QW94BHWE,1585.356381
ECOEFYFCC2BUSBN5,3133.062053
BRAEA7GBQR7ZZN4K,2334.148318
TOPE5N5ACWGNUWBY,9330.882201
BRAE8X2ZW4ZPDQ7A,6187.656142
PELEJWHBZZHFCF4H,5292.787952
PBXE6YVW4CSQGJPS,3232.93467
NKCE5WSJTHTHQFUG,4193.677492
PACE5VYXKSZZ8GKF,3082.719163
PELEGWXGPG8UEXPN,3295.217344
CAGE7CZRJ39MZ33R,3265.752611
CLTEGE4SGRTVHXAW,4357.520949
PCSEAH5WZB8HNWEG,6559.390775
MUGECEVFKB5RER6P,3811.129251
NKCE3H6BGY7BF6K9,7967.648233
CAGE7CZRW6MNSUH4,4885.772773
RTRDMNVFYZZBXT3G,3063.361808
CAGED2W2SHVURMZH,5262.040265
BRAECTFYYHAUWR3A,2326.522581
BRAEAR7WUVRVUAHY,1773.503496
GUAEJGQCH9BNFH2J,6769.588131
MATE49ATZAJFGTHF,579.516014
NKCE8SESTHKCG7FW,6108.646822
PBXE9T4SWW4HSFGJ,443.6559142
TSHEHU5RY4T3XXQZ,5513.760537
SHTEE72RZN4TVPUY,5632.761814
NKCE8RB5Q2SERPVK,180.1660532
PBXE9YWGTTTX6KVV,3590.675249
NKCDWBPZTRZJTVR2,2705.84537
NKCEGHR7YXJD3QVA,1570.276277
SHOE3S9BYE5XWSKS,6222.366102
DRPEHS7GGAEJHWGH,648.6337161
TOPE7DNYTYVKXH8X,4711.461132
CRLEJ6B76SJP8ZVG,7158.053701
BRAE74BREFRNXRYB,3281.224529
CRTEA7HABNRWRZSV,2700.330135
TOPDX9TF8EH63HHG,4086.269798
ACCEJ6TESY6AFW59,1573.432294
CRTECN2QZZJVMK8M,4163.569991
WATE3NWHWHGSECNQ,11407.5317
MUGEACY8EXQKEZ8J,3074.63405
SUDEGGB5XKHZ8YRV,11530.92564
CRTECN2QXUGAJF8Y,1300.883001
TOPE6ZCJTWVV9GRK,8783.19172
BRAEAHEHDB9H3E65,2032.713367
CRTECN2QVES5SGVH,4200.035673
BRAEDSGAZES3SRZ8,4137.933841
TOPE954F2MKDZFTF,1087.023314
BRAEE6YMYDZCTFHT,2365.044244
PBXEAJHVVCHEY59Y,532.500371
CAGE6FYHBF3HYBWE,650.4480238
NKCE59YWGAXY6Q4B,2679.117429
BRAECKHYSXQD8ZMC,1579.672354
SNDEHZMFFAHHZSHZ,5997.176956
TOPE9RCYS54YZNFG,4269.4238
NKCEC8AZHBUEHH6Y,3762.748361
NKCDYQ3REN9WJEAF,2568.906526
MUGEAGGKXFT23YYH,4022.244543
NKCE8HVPRWTY5JET,2583.781199
PAEE8EZHYZESVZ2H,6175.0759
SHIE8G24RUNDF63N,5719.23919
SHIEBCQZHBFMSFMK,3321.690734
TOPEBCJF2D8JB3RG,3768.077891
NKCED2ZG8GMNMMSF,3276.645575
CAGE75DFBFFJZZ2P,3469.924829
KRTECQSZAZSPPJWZ,14134.48734
NKCE3Y5PHMWUUWQ3,5033.501317
WATDXFGTREYMG4ZW,2442.828197
GRKEG4UWCS4SNUSG,2569.399358
MUGEACY8MDQCWAGH,2086.050481
WATDZ5HGZZCZXDNC,9672.496212
NKCE8E6YYVEUTNGY,2687.520817
JEAEGE8RGRFHFUU7,7468.035837
BRAEE6YMYZ4D5YGS,5545.396473
SNDE7FD6YA84VHSZ,738.3076113
NKCE5HYVQV5ZKAMB,5069.383995
LJGEDTGP6EVWQAJW,4842.700315
SWIEHF3H7WG6VGMR,1864.268128
CRTECUWZC4AEEVTQ,3916.383297
ACCDXH5HDZZU8QRH,6854.061404
NKCE9ABEZFFRGABC,5038.472217
NKCEAVVRRGHWXTNF,3604.330182
DREEYGCXYYZHDGDZ,3328.451237
NKCE8RB5TUKH4USX,5886.405921
NKCE96SXZGNBFP3J,8310.070985
BRAE8QNFWA34HGDX,9678.463927
BRAEDTNZZN4ER8JN,2283.962162
BRAEAW9MTDZZZBH9,5933.548865
PCSE6X3YSK6U4XMY,6354.013967
SHOEBBWKYRZHMMZN,3358.923303
WATDKB7JHUHHVMU9,941.7690949
WATECSYFBDTEVR5V,2842.378993
RNGE96Y2DCHGZ5AH,4539.511699
VANED79Z5THRWD3K,3666.777512
CRTECN2QWVBQNTHQ,3621.015113
USGEJPPVGZNYAJE4,8193.60373
CRTECN2QY8BEJVAB,3628.709252
BRAEDNX2YFFFVD3A,1812.515758
RNGE96Y4USHKXVCY,1258.194527
TFHECYGABBG9NRZM,7164.341896
WCKE2TFYRJA65QEF,1415.766825
BZREBXM8BFP6HZVP,6216.655072
CAGE7DSFVSZDYPFF,1780.721959
SHOEGAJGGTZD6HSY,4892.433361
SHOE2FQCR89ZNN8W,7829.607277
TSHEGF9YZUKYJKZG,7277.709448
CRTECN2QYZCRHWD5,2521.547156
WCKE2TFYMTCGDBE6,3767.46771
LJGEHYCBH3VEAZYN,1692.283534
CAGE76HYPAMJ7WKH,3269.123924
NKCECZJRGGSJS5MP,3103.145892
HMBEHBANHWHNQF8B,670.4319009
NKCE2V6XHV3DSGPT,483.5584119
AIRE9B8EKTNR8J4B,4824.157409
CAGEBTJBUKGHGBSJ,5677.329923
PCSE7B6U2VYJZWSQ,14569.16594
CRTECN2QX3VH7RD5,2070.527014
SHIEGQEQ8X5DPEWU,275.3853345
NKCE38HEJPZSGBDZ,2427.501711
BRAEDQEETE3Y2CZJ,2112.573031
TSHEJQ22W8XPPGGH,793.1420378
CRTECN2QYTQNTVFH,560.0247005
SHIEGHNCZBRTKZCR,4501.537514
NKCDYQ3R3YGZZYGB,6399.757007
SNDEJCWXXFWQRCJU,5258.9518
BRAEGG4PJFZEHY5T,1375.481488
NKCE4PZ6YXXW7SPR,3232.702869
BRAEBG4ZXJNSXVNM,1056.592136
ACCDYDY6PBZGPYDT,12789.44834
NKCE3JRMBSUGXDK2,7361.257346
LJGE9TGNDH2E4VRH,8621.78836
SRTEGWKMWDED9GFW,1362.885158
WATDE9NFPB9TBVSK,5052.147684
SHOEJCZFDNVTB3RF,861.3061179
BRAEGJFXYTH2MG98,4162.34981
TWTEHH2BQ29FYNGV,1063.005262
SHOEHYA2U4D2FDGE,4888.329069
NKCEB774ZFTSYG2V,351.8752017
SGLEGBV8VZ4QSREY,6873.814139
SHOEHZMMPFYUGBGD,5586.675635
RNGEJ39US9ENJXYF,5459.809981
MUGEACY8F4ZAFQNJ,710.3288335
PBXE6ZHNEGF3VGZW,2753.150654
TLPEG6GR9HUYW3ES,845.5338345
NKCECARBX85NCE3P,3251.323073
MUGEAGGKNFZUGFN7,4607.711997
PCSE9ZPV7HAPCFZ6,7854.791942
TOPE9KJE9PVJJZZC,3794.147597
CAGEBTJB5SZDNYXY,474.6339984
NKCDYARBMAARKGFZ,3892.192627
BRAEBHDVMHWWJ72Z,6682.736098
SUDEGGBFA9UZ87PY,6790.821323
ACCEABW85UJZ7BMZ,8144.592719
SHOE2ZNGYDECUGNG,5193.623571
NKCE9Z2J5XF5GDCP,3438.737476
PTPEFS9BTD3YHNHF,4359.32962
NKCDWHFQ2ZBKQHGP,2327.992032
MUGEJG6SRGWSSZVS,6446.820827
TOPEYHHWTQ59WEHB,5247.941422
PACEC9FJHX2ZJJFM,4164.643851
NKCDU4RZYJ4NC2FS,3775.370826
CAGDU84G2G5AEAE5,9864.218178
CRTECN2QU9XUVRDQ,3931.763406
DRPE3N3WWNJHVVNN,2690.872161
NKCDW898GSGZQGGY,2621.369208
MUGE92Z4ZTV8UZYN,2667.366025
BRAEBCY3TP8GZGQP,4307.591695
NKCE8HBNYGFJDU8Q,6484.674424
CLTEHE9FS4UCYDGH,587.1172804
NKCE9PFFZZJ2JUTG,7671.536148
SNDEGJFVJAHQCENF,11202.41641
NKCE2NKZGKZ7TVUE,2372.781981
SRTEHHD7AE757FTH,2947.084457
RNGEDAKCZAZQTEZZ,2431.770609
RTRDNGVMH2ZJZRMQ,7401.200535
SHIE9FMPWV8U4RWX,2168.082625
PCSEAKVBTXB6E4RF,1049.746826
SCHE5Z57GMRHGXTD,3596.273564
SNDEJPZMCWYT5QRW,6776.032541
DREEGZ5CVEHJPDT9,5477.04132
SCHE4YST2DH7X2YC,4221.046232
BRAEDTPHBRK7YTYE,1807.657565
LIDE4YMTRHMXGXKZ,3330.327175
NKCED2ZGVXQE2UWP,3293.530626
BBAEJA4VWFFEZARG,6053.441552
WATE6S3AHZXW9GPK,9101.873375
NKCEF9GTMZD4JZW3,3362.587455
MUGEGZUMNZCKBZYS,2372.570605
KRTEC89NQNYTJC9S,2473.797728
MUGEAGGKWW34AFH6,2530.188
NKCE7HN9XD8UDKHF,4429.736651
CAGE8X8XZCGGXQ7Z,598.9277963
BRAEDSKC33TQAGG2,2707.918509
PBXEBYHC4S5BQYDA,547.3239572
WATDYQ938HFU8M8J,1193.771902
SHOEFVT6YAKB9XTE,4761.191732
BNGEB467JXH6QER6,10805.86954
GLSEHFJZ2N9C3WYK,896.6045471
CRTECN2R5JRYASA4,3996.628979
NKCE2F5HBUPEAAPZ,557.831358
SHIEAREZZWVXUBQT,5489.624344
BRAECKHYJ8HGVGHG,1565.725051
VLBEGZ7SQGDFUXE7,5354.687701
ETHEJG2KXFSM6SYG,1286.060532
MUGEAGGKZTMNHZPF,433.31367
FABEH2JYVTGFEEFT,805.752875
SNDEA5EG9KPNG38S,766.5577338
MTYEGZ5ZCWFARE5X,5106.253702
TOPE8XCDBUGUZWSP,2664.366255
COAEJFTZEFVYTVBG,1618.649202
NKCE9YCYAJTGZFZZ,3174.309729
RTRDMNVF7CQ3HAHU,3333.191691
PTGEGUZNXKZ8P6Z9,4798.209773
SHIE55GT4JDKEGZQ,4018.225792
TOPE7H6NK6YHDAP3,5698.980674
TSHDWUPNBPZZHHRD,7236.913988
ACCEATGZU9QWN3XR,3246.664368
TNREFBYF3NYEWX5R,13769.36568
CRTECN2QYNFWAQHM,5976.468164
KTAEJFR22QUF6CCX,8728.7204
MUGE9HRR6HVCRPZT,5933.252061
BRAEAW9KZHABYUAW,9022.159071
CAGE9ABBP3NXYEMZ,14098.63502
SHTEJT4DCZAKK3YW,4384.223505
RTRD8FPJEQRZ6BEM,1358.238565
PLWE6S4BKHB5HZD2,5235.833043
NKCE6XU6NKSZPBYC,8179.053637
TOPE5UZG8YEV39XC,1178.685126
NKCEAPCVHF2FJTCN,3097.543325
NKCEASN6V7MJ482Y,3039.598616
SHIE3QDHDTF4BMK4,6641.342905
SLTEGE83BPHD2N2R,9509.894177
CAGE6FYK6VKUMRTT,4755.184074
TOPEGGA4KWAXGTG7,3600.47681
NKCE966EVHN4AM4H,3609.565361
CRTECN2RTNAPQ9UC,2746.078352
AVCEJCJSV7YSUEGN,4342.014572
SHOEBGDMZFGMWGSD,4002.360772
JCKDXPJGDX8MMGDF,4021.499644
RTRDNHMRFZTR3ZPZ,3828.411299
NKCEFFFPSG28KBZR,5111.764059
BRAE8RSARRKPHWUY,7538.505858
NKCEBFWTZCR2Z9CK,8723.936947
SNDEHZKGKGHDFG57,3245.790362
GOGEHYHYGRZFMC9D,1941.058226
SOCEGHM6YYCTBXHS,1489.44216
SNDEGQ7NBVGASKHA,776.3220128
MUGEACY8Z6RG3GPV,3179.959643
NKCE38HB3Y5YH3UF,3437.875719
MUGEB3GZ5HYHGBQT,2459.782214
SHOE6ZQFRGNTW8JX,2797.08413
CRTECN2QYZBRHJZF,4164.762808
WATECDDDQ7SFDD6K,4589.048797
BRFEGJANHRABGE2Y,6289.963801
BRAEBBYRYZBKQRKA,9986.425001
SHOECUZVNVUQ8CJF,2445.773479
CRTECN2QXB8H2ZMM,2300.350658
BRAEA5MZF4TEZZPH,4720.638737
NKCDU4RZR83PHQG7,5236.246579
WATDZ5HGJEQGGB6U,4937.905805
CRTECN2QZYZK9WYV,4784.884821
NKCEACWN5GXUC92H,2564.557886
HKHE57EHTMJCH5FT,4184.005989
SHIEFFFPRTTYYF3G,6508.136333
SCIEFHFUUSZZD24P,5673.671732
ACCDXFZXH75VJZE8,11296.56092
BRAE6Z79CG9ZH75H,7110.94906
BTCEJQYNBKZNZDKS,7619.264521
PBXECDBWKHNKGEGD,2233.22778
NKCE53HJHUTKNGUF,8303.561286
CRTECN2QYNCSMYNX,3359.636023
BLAE6DPHFYECGZ68,12115.44648
NKCEC9FM6ZZGB5A8,4163.566199
CRTECN2QYAPXYKZM,3147.635153
TMLECXEQZXPGWW7T,8974.676333
SHOE8VP932WXGCZV,3191.450688
MUGEGZUH2HDYY4XF,3980.05061
BRAEDW63EGE5VDXG,2404.113123
MFLDUKGX3Z2J5VH9,4980.365715
MUGE8TQEZKAD9WVN,2550.368292
ACCEAZCVS4YGWUVH,5694.212642
MBPEFHRYGGHJMRYW,1414.823433
TOPEDHEA9YERKGUT,2283.745667
BRAEDT7SDETZENWB,6276.422796
TROEHYUVAJ6NBBAE,2469.316552
TOPEHZNSWYHQYGUF,3513.702238
BRAEDSGAYPJFXJJ5,2434.224211
BRAE8EHTYSUXSHEM,2669.917916
NKCEC8ATTJB3QMGB,8156.339563
CAGE7DUYKHBTPZVZ,3962.507242
TOPEBKYKJZCNRNNJ,3527.558921
NKCE77RVJXKGY5HH,536.7370217
CRTECN2QS6YHKQ3G,4184.581543
NKCE9AZM3GVSMZPT,4793.073874
DREE9CPNYFZP9HRA,3016.402579
NKCE7Y2Y4BFFU9A4,3648.594201
SNDEDG6H5CYWWBBP,10429.5372
CRTECN2QZJSZBWGH,3952.331083
PTPE7V9ZRFFHG22K,4044.207609
TSHEJCQ2VWZAKZJ4,2980.433575
BRADM8DWKXXJDEHW,370.420039
CAGE22EFFAPMZEPE,1506.320323
RNGE87FCCDJQYSQ9,8547.646009
CRTECN2QZZSR4ZVH,4744.50682
SFFEHUAUGA5GBTYZ,5985.182145
TSHE4KACQVSBXCFC,6699.87232
NKCE8NHGSHWS56FH,3417.444912
ACCEGKFHWYVFNCX5,2076.085513
TUNEA8UGGGDERAHT,18225.04113
NKCEA5FHAKKSQCK7,642.2362389
ACCDSY8ESXF9AUHY,12055.59984
PBXE9YWGDQYKWXRS,9478.058928
SHIEHYHHNPVZEXVZ,609.6985391
NKCDX3BH8FVUZAYQ,7159.015779
PCSECV3FSKC4P3P8,156.7095263
NKCE6UWHJPBKGHZ5,544.2918326
SFFEHVAVYGCD3HSD,6603.367078
KRTEJ9GHTVHHGQHM,3235.539685
USGEJPQKBNS5KDTE,4320.194633
NKCE5U69CGGXVG4C,4225.503668
LJGEATZSV5VGNDXW,2988.698471
BRAE8JUGGJMMETKY,1428.381859
WATEHYU2ZR3UTGRK,892.8488477
SUDEHYGUWDBVFRMH,751.3012681
SNDE5E6BCHZCC7JQ,680.6664291
RNGDVJYNGRUMZJFT,3948.662195
BRFECHUFKHVYUREJ,609.4032456
MUGEBFGFEN9A5EGR,3778.570899
SOCEGKQYHGGXAPGD,3398.18637
NKCE9Z2JTCBDBXJV,448.821015
PANEJQ5AMGFJKRAF,9369.260906
CRTECN2QUHKRMZSA,3829.265296
TOPECBAAP9HW5VMH,9291.567286
BRAE8RSAVVGKRBK9,3176.822119
NKCEAX7H3Y9JBGYZ,273.0804869
HRCEHF2C2XQKQZHM,3803.87894
BRAE3TSHZ6VEKQUG,1159.851365
STIEJPM3D8HYQRTN,905.248547
LBXEHFA5TTMBMFR8,5777.706624
SHIEHGXH8GPWGWFE,5836.656714
NKCEAUABWU3Z8HZ6,1268.062539
SNDEGFJ2GD5GWVSH,5153.462408
NKCEDCT9KKXBQTND,228.3375416
PLLEHQTXADABGDSZ,7902.584658
SNDE6SCTV6BCGRNV,7841.151094
NKCEB7CE7G7JHQPA,2851.628475
PCSE6SJGPYFYGKUQ,6951.95953
LCHEGYYBWP4ECBZJ,9423.685099
TLPECJY7WKHYDZT5,4570.722194
TOPECJFAHFF9PB94,4101.7689
SHTEDCZWARQ2HZXX,973.4344774
SHIE86XAM3TUG7HA,5386.027285
PELEG5D24ZAYAHUJ,4814.141696
WATDYFQ559FZWRSQ,7823.707981
NKCECZPZ8WCCFGRV,462.0038375
CAGE9YTNZV5B3WWZ,560.2697912
NKCEAGXHYGDBWMWZ,3019.9678
CRTEHSS9JCJEZWCA,5671.973129
CBKEJ3AZMZGTQ9F5,931.8523484
PCSE55G4YBUXMBJK,1242.752234
RNGEBKGHZFCSNZWZ,1443.589038
CNDEGVK2ZMCGSCEQ,9221.144342
ACBEHDUATE73ZUFF,2495.321938
NKCE5U69RBZRVJCQ,3021.087265
RNGEDAKAZRSRYN2X,6945.938804
PACE5Y8Y44TKZ7RM,3760.366641
MUGEACY8VKKQ6GJ4,2089.633216
TOPE6QGAWN9YDQWZ,6434.672539
BRAEBBYRWHYKY7CM,7038.987622
BRAECA2JWQJZFHUU,3079.515016
SNDEFGEAF4GRHHX8,613.8063844
WATE9ZYZTKUEFFVG,8079.563696
SHIE7QCY6ZQSUF6E,5388.738453
WATED9T48YVSTAA5,2982.489267
SHIEB85ZA9EMJ4BZ,6481.950048
SHIEARR3DXE2SXRF,3703.278189
TOPEGHZ6VKKVGYNR,6043.582696
WATDXFGTFHHKPBNV,1212.400265
SRTEGWKKZNUYX7HW,8353.865168
SCREEMC7DYNN5YHF,4604.66589
WTBEJ9RTQQMB9VYE,3536.637901
NKCEAMDRQZKUXEYW,4902.233718
BWLEHTBPHRBSDEYF,9137.393913
CAGE5HVNTSEFWCW7,9952.03592
SHIE55GT7F6HYXDT,3554.189243
RTRD4D3EGBAYBG2C,1136.83497
SHIE7MGDC6ECGFJ8,3603.889926
BRAEB2S8RRCWFJST,1108.252323
SNDEHZPDGAZBWJTM,773.23021
BRAE7SQFUBCGUCWT,585.8787199
DREEGXZ2QN5ZKDGH,6215.596715
CRTECN2QUHW9VFFT,2863.079165
NKCE8VQHVG89RUY5,5822.00412
BALEGFWE2Z7GTDMS,3463.593232
TKPEJNDEFYSRZSXF,5632.112355
SHOEHYEAJCGEP5UQ,2232.766995
LTBEJGVNHVHPUZ9G,9580.778469
CAGE4GF7UWGZHN7J,2906.348014
NKCE4TV4VCFGY5UH,3691.407649
TWCEGJZKVYZHNE6Z,3912.488035
BRAEAZEFXHCKE3RG,6854.356199
FABE92NVWSKPDK8W,3679.635008
BRAE8UZGKMFVSG2B,6797.155351
NKCDZFJMRP2XBBTK,4089.101968
RTRDZ5PJTSHHXGME,7090.204102
NKCE7AGZESRQGFHG,2347.040591
CAGEBTJBTNGGDZQZ,4988.887814
MUGE6SYU8QAKS7UH,3699.484016
MUGEAGGKYUB8SYA5,3950.686043
WATDJTR979TAXJJZ,14887.60665
CRTECYY4ZHUZ6HNT,4975.074536
SUDEHYGUXGNXBNZM,6224.76388
CAGE3FX7XZGYHGRJ,3123.472336
NKCDWBPZ9PWWVGN2,2081.527918
NKCDXYFHNXGS6MSE,2759.666754
BRAE3TSHVMCW7NDZ,7941.022306
MUGE6S9YZ25CHZRN,2803.427831
PCSEBDFUMFZZQDJW,12048.42362
SGEEG7CR5YSTGTFT,4644.370562
CRTECN2QVKZ4P6VP,3789.56933
BRAEDSGBTTMMSZZM,3127.766918
SHIE6ZSBGF3GZZFF,2339.575159
PTPE62XBPSEHCQCR,8697.269839
WATEYUZXN2DHGZ36,8384.966658
SHOECK2FYYWUT4KM,4314.426173
ACCEDTNRJXYZHZZW,6486.786401
NKCE9336FXG94XTG,1842.094858
JUMEJCDRCWWKBQSX,10081.77317
WATDZ2ZQTPKQZEHG,8110.777398
TKPEGRKHT4832GFE,3734.044757
RTRDQZMJBWHZCXZT,13302.9691
CAGE6HYJGDZQXHQD,9480.680371
SHIE8VY9ZYWPUBWV,2461.582072
NKCEABYZYMNATYGH,5057.573612
RNGE4Z3DDZ3YAKSG,6181.116443
SHOEFZXRNYJKPPYG,4801.218521
RNGEAHG8GKFRK38B,5095.780762
NKCEA4CAMNKWVXTG,5387.886592
CRTECN2QT4YABNGQ,2937.225127
SNDECYKYTBUYUEPU,8492.2585
BBAEGGDCFERYAQHU,3219.070758
PCSEDE6ZNWQCXWDY,8142.871235
SNDEJH4DBHFK4N7B,4551.474871
SHIEAW8RHVJNER3B,3492.407789
SHOE9UDJKNVSDH72,4494.620548
NKCECZJQSWTUUGXK,4211.72269
BDSEJJCKFGYZR4GS,2427.271806
ACCE8XZMKHTPSVFW,6591.038374
NKCECCMFZVWGAZXP,3236.078812
BRAEDUXKWHZFVQN7,1776.6102
BRAE8RSADX6YHAQT,6882.272739
CRTECN2QTVAGYNZ6,2682.832352
SNDEFKFNCHPREWPN,5873.248416
BRAE3TSHVWYHGGWH,8060.986241
BRAE8WYHNGG7ZXPM,2086.648726
TOPEHZNSDHHZDB4G,573.7482363
CAGE773YKTNBTMMH,8442.193601
BRAE2NF6S8WKV2FE,1231.793723
WATDZ2ZQPXHZYQZJ,5631.496352
PCSEE4H5GPSUFGGX,2679.656293
CRTECN2QYG6SNGZE,2824.953831
PCSEAH5WAEHFFNDZ,9336.495937
TOPEDFTZPFYP7UZU,4343.311231
NKCE7VKYZ8PEGCG8,4900.185021
BRAEE6YMBUAGK2FH,4744.739534
SHIECKYBQQNHZFZD,2756.299001
PYJEGN9Q9NWSUYGB,8349.77411
PBXE5ZJZY2NC256B,2915.39329
PCSEAH5WEFMRTDEX,8812.385517
TSHEG57TG27P9EZM,3354.183336
BRAEGJFXUHYZPDWZ,8540.004191
SKTEC88WSNYJKWY7,639.8641033
PTPE6GZRTJJCSURV,3000.483136
PACEARXTEE2R8CNT,2701.953406
LJGEYGHD2YPQHQGZ,4314.975734
SRTEH2FGBDJGX8FW,1542.234937
NKCEGGFGCKCZS72F,6147.685855
NKCE9AZMTYBWTAV3,4529.378819
BRAE5PKZGX8HNT8Z,5625.607156
CAGEBTGH3CHD9T4T,4340.680805
HRCEHF2CCUFD778C,5135.372603
DREEGSMKFEHFFYNV,6159.879572
DREEADCWZ6XFZCGJ,835.1030023
PCSEC86WZXZPEEZB,8267.838674
SSSEHFZ34KRWYGSH,2728.656898
CLDE26U5N2TSHREG,5027.919243
CAGDTSJUFVMVP3XG,7133.7706
BRAEBB6TWYYGKYQC,2099.333955
PCSE76X4K44HZ5YY,6198.648695
BRAE8TFHXNFSGZHZ,7945.592687
SGLEGBV4XF6GBWZS,2912.582285
CAGEBXZ4UGZU65ZV,920.5581268
NKCDX3BHQDPKVJ9A,2383.194684
CRTECN2QUPXANVU9,3018.92248
FFLEGEXHXGFXZAXY,6768.990854
NKCE7HN9F746GK2E,14888.9132
ACCEAZCVU9RPHNFG,6843.537218
KTAEHE9KFWXNYHFD,2903.097467
CRTECN2QY2WRVENS,6685.955802
NKCEFP3J2FKVYFRG,384.9832054
JCKE2HWFZD5HZRE5,6221.538931
BRAE2Z9VJ8B8FAD2,2037.848543
FABE92PZSEPSGZFK,424.9916491
WATEYAP3B7Z2BSYV,7478.694129
ACCDXFAJ8NGKEQ5A,194.3263496
CLDE9Y64GKDGAAUG,1764.39199
NKCDU4RZRKCZWYQH,923.4459499
PSIEF4ATFU6QYETN,4979.032013
CLTEJ5ZZUZKHHYDK,6965.493951
JEAEGBX2FBDMZK2N,2325.85028
CRTECN2QTXCGYGNC,4572.244076
ACCE6FZPTNC3UGSG,2814.409958
PCSEE4H5KH5KUBA4,11610.29413
CTTEH9FYJFQMB8M9,6124.60358
BRAEBXRBXYDKYPKB,3073.36317
WATDQKYFVYKGPAKA,7382.849861
CRTECN2QSTZHJTKF,1421.443025
CLTEJ5ZZMTBYXWZQ,6168.392668
DREECRS5RGQZTYNE,4346.29568
DIAEJ8FGHZ3K86JU,758.1908611
WATEHZN5BG4SUKBY,4799.940737
NKCECS3FSXUA56AU,11460.87295
SHIEBZ7UE4BXMK98,1654.205333
SMCEJV6XGQDBMGGQ,5779.952183
SHOE39Q6PDKHYY2F,506.5727092
BRAE3TSHYTS4FCU4,7983.545438
ACCE7ZK9GP3YCHBP,1684.280474
WATDWGAHG7AHMW6Y,3062.953941
SHIEASFWXZ6H28UY,5502.463374
BRAEDSGBPHRAHEMU,7581.503158
BRAE4ZWYGGWFKUM3,4207.431556
BAREGGF8NBTFWU4G,2768.272421
PTLEH3D3VTGUCQBK,2546.036535
BALEEZ2A4SWPXJU4,358.9862799
CRTECN2QW62MTXAJ,2394.07425
TOPEDTKMHEGYN2GA,635.6130922
WATEHZP5RHMMCBPZ,5849.076357
KRTECZHGC97Y3DGK,8272.574292
ACCE6DZCJZ3M2DAT,842.312271
NKCEBUPHUZM4BRWF,570.4049018
ACCDSY8EYXYYYYVK,11591.41349
SHOE4HKYRFPHCJWX,3607.587019
DIAEEUAM8QXHB7BD,1167.766475
PELEGNSQYKKHT2ZH,5417.818016
NKCECYNZ8HHZHY3N,4024.969693
BKPEGUJHJFYS4FCU,6146.136934
CRTECN2R6SGHFHGJ,6081.292735
DREECRS4FHNBDJHY,5772.441638
SHIE7BZ9XWCHEYPG,5514.747883
PBXED9Q2MZEQWXCP,10413.84856
CAGE5RNE4JVBXZBX,284.8072389
WATDZDGRQBXTKHPW,5097.660261
NKCE3Y5PSKAJSBPY,6695.055151
BRAEE6KRWZZGZKHX,3767.619626
NKCDYQ3RC997MHB9,7168.203191
BRAEDXUVZPX2RVVP,2335.442105
NKCE8JMCMGCHCYDG,807.6457539
SKTDDA4YREGBZDP3,6614.642167
CAGE9A68NZMEVPPE,10224.56623
BRAE6NZAQBHWZNMT,237.8699248
BRAEAW9HUCVYHBHE,2976.684561
NKCEYM3BHZHMYT7Q,4240.790142
MUGEACY8ZBCGS2ZF,3854.37533
PBXECUFGDMEZWMYB,679.7899531
ACCDX8ZUEWUKFHHQ,1527.591252
RNGE7GVYZGVHDS2V,10335.59984
RNGDTBQUJUCRDTCK,4409.416174
PCSDY5AHHQSXZARH,1205.239298
PBXEAZ85KCZED6ST,2861.095283
NKCE8HSQEKWFAUYS,322.376132
SFFEGEZCEJRG9HVF,4054.78936
JEAEGWYDZYDRGXQF,3828.591416
BRAE8TFH9J4PHP2Q,4497.517001
BRAEB5BUYYSV9TEQ,1938.749931
AIREBB9APEFZYSFB,8157.225646
SUIEHFNUU3BDCGZN,681.9109568
WATE9M3RRRKZK4FD,603.64255
BRAEGJFXBGRJKXPN,7351.546374
SNDEDF6WMSQJEGFN,7618.339051
TSHEGG9KQHGQEZXS,5350.815271
TIEEHZDEDRUH6NMB,3080.998669
BRAE9C3MZZ7SKKSH,7539.970816
CRTECN2QYAWB9FPE,3567.050155
NKCE8T78YZYEQYDD,3159.812745
RTRD7XKFDBPBR6CV,641.2208417
BBCDPFZM6V585ZZE,304.4361162
PCSE5VQ3FBAPKERB,6848.225919
BRAEBADVVRBUXZGN,5630.756956
NKCECB9KEYRV2SU2,3679.166485
SHIE9GH8DZF3APB9,4928.790136
BRAEBXRB322WRYZF,9199.862169
RNGEDAKEZXMAXYKB,9122.003232
MUGEAGGKDCJHRYBY,830.5795901
NLPEJUMTYT8BP983,622.1423729
BRAEARZHZF7HFYM6,2045.605342
ACCE3YFFQY82H72D,7906.295688
NKCE5TFVTYJC6VMW,7132.382719
RNGE96Y3FNJ4TVSA,9498.020873
CRTECN2QTGFWHYBY,3461.626261
SNDE3SNFMHARS463,1060.031201
PCSEC86VYYXG23ZB,9082.801658
TKPEG6PZEBEYFB2M,12668.89102
PCSEC86V2P4M3TXC,8753.702513
PSRD7NKJGFMGAZQG,4846.515804
SGLEJJA6TVC2KYUH,638.1592061
BRAE8WYHNJ2B2ZEJ,4021.788193
PBXE6P4FHJJCQZXZ,5592.709314
BRAE3TSHZGWGT6WP,6380.023471
WATEHZP3ZA9YT99G,619.7126965
BRAEE4H4XNG34W5Q,3718.572377
CRTECN2QZSZMM3YJ,1726.011809
ACCDXFPFH66QGGR2,17772.86718
TOPE89Q4SYQXFGXF,3430.030133
NKCEBMDCUWFNR7ZC,1706.698687
NKCE9AZM5ZMSFXSX,3860.132441
ETHEGYSVEZSH5HUG,4112.292923
CAGEBTJBAQKZUVQD,8592.339414
RNGE7M92H9QHRKEX,9785.581099
CAGEAFDBEJY56XSE,554.7280539
HKHE5QUYGQAWURCP,4203.410303
PCSE4V8HN6NGMFBH,8909.950221
WATE8E8PMU6ZRZGZ,492.5741731
SNDE2RXYKZZAMNGT,745.5843509
ACCDXFA6DYGMS3FZ,5796.341335
ACCE6DZCAGSQEW3B,7984.052595
BRAEDQEDVTAKHTX7,1309.263779
TOPEBYXVCYTBF6MX,5980.934819
PEAEETEJMJZ75EVG,749.7586706
CAGEBXX7YEQZQQ2J,979.6412301
BRADM8DWS52HEGJV,5844.406792
SFFEGJZQHKNFMPG6,2175.087161
TOPE45NZFFUDHKZR,5570.433565
PCSDY5AFQE42NNTK,2400.510394
NKCEANMPRRRUSPZE,2958.867185
SNDEFV8ZSKGTFAAC,4325.180564
NKCE88AHMVQHFZHU,891.4757876
CAGE6FYKGSNJWBG8,1260.385018
BRAE9WYKVTCZYNUB,1174.90874
CAGE7CZR6ZD9RT3K,9467.798561
CAGE22EEX2HKGXFQ,4111.833017
JCKEG4AKNM3HP3MG,4583.464992
CRTEA7HANRC9HYK3,10260.24923
MPLEJEG8SDGZ4GGP,1176.773453
ACCDX8ZTH89YR2ZF,1830.12749
CMTEJQYQEU2GBD2V,4289.366815
TOPEYY5YQGGRWGGZ,5236.53106
TOPEG3ZFYPPG9HZM,4803.94579
NKCEYTXEPHXSXDKM,4054.803401
ACCE6TJTBHE6YHDJ,2575.7508
SUDEHYGUSSZGDBRQ,9724.597114
PCSEAH5W6GBGTD9Z,1047.947947
ACBECFGT74DBRJRT,2666.183848
PBXE8WPTPZSCW8UP,3216.233759
NKCEC86VG3DP9ZGQ,2035.960414
NKCDYRHGGJUVZ7WC,1142.392198
TOPECUYTF7XTXND3,2519.876433
ACCEGF6WWRAUMRPT,2061.863505
MUGEBFGF4ZDPGTZZ,4124.667473
MUGEB7J7GPWUH6Q5,886.7703501
NKCE7MBRTAZB2DB5,9281.850616
BRAE8VUUYMWAYSCK,8029.413685
BRAE5F3KHPGUMPCW,6815.071256
NKCE69P8JR2ENBAG,2434.323134
MUGEBJ7XHN9UYUH9,4138.307881
SNDEGGQ2QZ2HMFYB,6615.243415
BRAE7YF6E3PH9JGW,5283.801226
NKCDYPDSFAFRAQ9T,7044.965479
NKCEBZNZXXAKBVMW,2985.399815
SGLEJFM3XXXGKXDA,992.1785199
SHOEJGFU7RXZXFEM,3583.270662
BRAE9G83CUBM56TA,6098.049906
PBXE9GF9XZTGMCRG,416.7619449
SHIEFFFPVBQK6GBH,8887.576973
CRTECN2QZ3XEUPTT,558.0910582
MUGEACY8NCCXXWJZ,258.3907463
BATEGR3ZHKPGMHXD,5906.872974
NKCEA4CAU4WH8RKF,3369.439674
ECOEH4BXGVMBYEMG,2527.288351
SHIEBFXDQYHQAUQF,6044.105856
BRAEFR6J5FJ4FUZY,5347.692138
NKCEAPCVJKG8J283,3925.35801
NKCE4VA4M2ZKZGUY,7857.402903
TSHEGZKMZYGHZPRV,6184.495189
TOPEBWGFN8MFKKKE,2134.425944
PCSEAH5WHJCJWVQE,5963.598663
BRAE6AV3FZNGNTXH,2189.472598
TUNEB7FU74F3UGVH,17898.94564
RNGE7M92BFXHH5VT,1502.266668
CRTECN2QYSAMMGRW,1460.539362
PCSE4TF4DYGDKZCT,7751.021547
BRAEE6YMRVXF3HNV,7817.518903
BRAEBCY3WXYZEGBU,5413.30019
JWSE6GH6HKQFXTTD,4967.520938
HSAEH6FCCGM7HKUQ,4810.420344
BRAEBBYRCKVHHG7Q,5025.133475
SHOEAPT3RUN6RAJ2,477.7367789
CAGE9ABAGXS3WZDB,5287.698879
RNGE65FGMRNRDSNH,8016.662343
CAGE22EETSQPZKZA,8749.986732
PCSEDPHM4G7WAYBA,9989.335623
RTRE2TYNWTGTPE8D,2814.316074
PTSE4ZHEZTF7UYNK,9914.612931
SCHE7YGX8SSZCHA2,658.5562283
WATE6S3AZNHMPTJA,8336.257835
SHIEY6KFSWWZVUVT,4333.660398
CRTEA7HAC5HFBYGY,2692.970167
SHOECK2F25ZZS6GG,5122.891262
SHIEHZSPHYJF494X,5755.8051
BRAE77MQQGG9VQVK,1947.816934
BRAEBHDVYFH5AWYH,7233.316128
CAGE5GE5YRY2YNDV,2319.97079
BEOEGXRWE4NDBJNV,6245.689198
RTRDNGVMCGNCTWUU,5623.397856
GOGEHZ5P5XDZ2UZF,4613.117397
SHIE7MGDAS5B4JEY,3774.351129
CTTEH9FUH3GKT3TF,3172.323726
TMLECXEQ9PJUZGTY,9830.186232
PELEGNVBZXXXKDNZ,1245.283354
SHOEFSE2WAFKZFHX,5112.809801
TSHEHU5RBAFXVFHK,5369.396569
FSEEHAGGGFHQJKWB,10704.86379
SWSEDXEYKZKKEMSC,8010.561199
NKCE2MBFEMAJTEBD,2171.169197
WATE8GDGPNKRTURP,829.4135484
WATEB2FZUMQU4W7R,1005.138167
BRAE4YXVJ86CZF6F,1819.056823
KECEGTXHVYW47ZZD,3991.166784
PCSEAKVBYGBZXKNS,8134.200028
NKCE5QSZPBG9THXZ,3811.767033
NKCE6SR4GUG326DS,1390.441628
CAGE9ABAFWTJFGVY,564.9677211
SHIE4T77GMCNHFBC,1990.599278
PBXEACG2FBGPQKWG,3128.471812
BRAEDSKC3YRYJZCR,4186.264599
PBXEAGTNVHGQT75S,12437.38072
TOPEBTGCPSWPYGRM,8150.174748
ACCDQDYBQZPEEXTY,18258.92441
WATEBSZUTGAQBCFN,1234.066134
CAGE9ZGYNRZCKNEF,6366.623863
SWTEFZCKAC4MABVZ,5607.076001
RNGE87FCF5VXWTKH,5104.88872
LJGEG57EHMYZQDZU,904.498869
SHOE6VH5FY6TXG62,2094.622152
CBREGH79HVGFZQYW,6509.775281
ACCDWGG3HSCGUN9V,4754.62333
PTGEGUPYWSZFTDCB,4890.11031
SHIEERWHHPMWHPWB,6365.447931
SOCEGGZ8MHX79YGA,1491.532472
NKCECQYZXR4K76BH,9824.273639
WCKE2TFYGMCEPV5G,3559.782879
JEAEG7CFYNZDJEVD,1097.943742
TOPECY77GYMZDRGX,3606.688907
RNGE5GSJTGW5V9CQ,14675.04293
NKCE49ATDNH39ZYR,11181.90542
WATDSV3UMUNAXURA,9748.02573
BRAEDFYYZUQJBTEH,4810.030781
JEAEGF6NVGBFHSHH,4947.699867
NKCDSCF3GCSWCNMP,13446.8796
ACBEHDUBQHXTPAVK,3264.126457
NKCDSCF369WABYU2,13237.34911
BRAEB2ZTUJJFFQTE,5203.402573
BRAEDQFRTQFYPJ2Y,3647.997422
TOPE8Y6THTGRDF9D,3209.94317
TOPECAE3JJMVYJFF,5188.714422
NKCE5DGMUGHTVMW5,2624.052928
BBAE9ZSFDZ5JEFGA,6287.482465
NKCEYYX9FZWBEGQF,3618.010522
TSHEGHHU6C28JJUH,6652.968239
MNGEJHG7AVRHC8VF,7101.076062
CRTECN2QYV9WPJUC,4750.040877
AIRE98PZQXREURYP,5068.959055
BRAECFARH6PZ4J4W,2974.629819
SRTEHXSHU8DXFRYM,4524.400216
RNGE7GVYGYRGX5VT,6528.960225
TSHEEDY3HY3Y2HAM,2397.870604
ACCE5HSSFHVYZFGH,3681.153018
KRTEBKQJFWMZHRRF,8732.567934
NKCEC8AC6XFX5NGF,2003.019034
RTRDGGQ754BDWH7U,2288.00194
BLAEEH2ZH8PNRD6M,7624.872621
NKCEAGXHHF2ZFZEZ,5127.457096
PBXEBKWJEADHCZVN,3447.188106
ACCEGZ66PXG5AHHJ,4600.504473
RNGEH4G46M4DTFSM,3737.176465
KLSEGUGFRDBSSEDM,1075.857454
NKCE7KY4YRMECRVN,3464.632278
NKCE6ADEKEGUHPCP,4196.861545
BRAEDSGQ92HDFACZ,6378.756105
WATEHZZXEGZEZZBQ,3589.764366
NKCE7MMG4PWWHFM7,2709.926929
NKCE9Q93GVK3B8MZ,794.9537671
SFFEGZBWFGFTGYY9,7034.52567
ACCEHR4HMGHFRQAC,2834.436102
NKCE2RPCBRZFJZZM,1369.074677
CRTECUWZXMV2YZ9G,2500.149627
RNGE9GWQJSAAFF48,10190.3138
WATDXFGTP3FEMGEH,11909.4396
TOPE5WX3KMNXGUGM,5825.876511
CRTECN2QZFVWZMTY,1580.694156
WATE26J7Z9MEZZKH,15069.49567
NKCE5EF4H8C5MCGD,2114.276534
TWTEHH2BCWXHVTHF,3542.313616
MATEHF3PGYP4ZDPB,9058.399043
PCSEAKVBHWNWCHGU,6266.938953
NKCDRDWASY2HY4V8,9056.224146
PCSEAH5WDKWZZ2AU,5858.492603
SKIEG6VFMGKXVBDQ,6420.832021
TMKEGWTM9RBGGFM4,4687.317531
TOPEHFGNNEE2ZGBU,14190.12802
WATDYFQ5UHW3SK4N,9194.75483
NKCDU4RZDXGZHGGA,3998.81146
RTRDVFAPZMNA8CHC,741.3706839
MUGEBFGY3HVWBKY4,5495.182185
ACCEGYPF35GBXNGB,428.7481903
CAGED6GK44DCXKZM,4791.047515
NKCE88AHRCD7KNQT,6446.385929
BRAE6ZCHAQFRYMQY,1484.178853
CRTECN2QUZSRCEN4,3922.668949
PTPE7JZCBGGKPSGS,2923.366311
WATEHXGUJCYK88TF,1021.680671
SHOEDP7ZGYFKGWNH,940.6034741
DRPEHYHMFE6G3XZG,4417.734307
WATE2FAHSMPK4TPR,4752.413787
NKCE9ZGXYYRZTXZS,9765.202951
NKCEANMPGYRNMZJP,3683.868345
BRAE2NF6XGU42KGQ,4948.252027
SHOEFPMKKVP2SVZD,5174.182819
WATEHYHPZSDEGFBT,4290.957296
ACCEAZCVBHKKDVMZ,6400.882738
SHIE4THTCWNHTZXM,5233.275402
BRAEBXRBCCJAF72G,1106.463967
WATEHZZSSCU4YXYG,3789.310822
VLBEHHW6ZWDUZNAJ,5457.565403
KTAEHE9KFCMVVSBN,4001.088857
SNDE9HRW9ZVPG9A6,8350.263391
PCSE4A2ZBHGAVCDF,1232.244192
SHOE4UC3MJZF3VFJ,4460.379245
JWSE9CZDPATTCRX7,7604.366863
TOPE8YMASZEUXPRY,5114.165601
ACCE8WYMVWNXBBAH,4043.02503
JWSEBCY4HHXYGZJG,6204.644936
NKCEDFNHMTWNTVHA,2162.052441
TOPEHZNZ9YZYYAPU,3649.361536
RNGEDAK2HFRD72HE,5474.934734
SLIEGXZYZTTSZD9C,4138.241124
NKCEDCT9X6VHCF37,2903.614744
PTPEAT32YEZ7G4BB,4374.546451
CAGDU85YYWZHHNGT,3844.439947
BRAEGJFX7PSVECHP,4888.636265
BRAEBG4DCHJMRYZZ,7169.156218
RNGE864HQQUYJQHB,5309.713159
PCSEC86VHTYFJHUW,7144.947462
SHOEBYZGZ682N4K2,2705.383722
BRAEDX66GWPY6KJ9,5860.835082
TOPDXQWEF87REHYJ,5520.80682
NKCECZG4URZY9DZ5,3321.282531
TKPEH9F5BQTQAMSC,5988.61912
WATDZ5HGF5UXGZVG,9441.789718
BRAEBBYRYTEEDDA9,10267.68394
NKCEAFM7PNFKNZSH,3971.600877
TOPE3NVYKBXFRYSG,4933.892216
NKCECGVAMX6ZGEVH,2396.497969
DREEBAQ9YMYF2Y3N,4874.085242
MUGEACY8EVX5VAMD,4347.064633
CRTECN2QSZFWPZFY,3675.251883
WATEYAP3GD6VYR5U,8219.051466
RNCEGE7HZZRPMSRF,636.1660901
ACCDQDYBNKEVMMCU,6388.557675
PCSDY5AFFB4EXAX6,11656.56476
NKCE9G2BHRUF9TWB,4719.258011
BRAE8TFHZJ6A2FFZ,2295.031764
CSOE7JP6ZHUG9HZR,3542.174272
JEAEHYZMPCBH3HCZ,3965.476821
FABEAJUHKKTRCNQX,3387.021135
JEAEGFMQSBYX5M4A,7219.180526
NKCE9YFCMXP7QXRN,6427.914585
NKCE9TBYPBNJYZRS,293.3080946
ACCEDNXYRZWBPFDF,8497.852428
SHOEHXFAMFH3PDHY,3803.161236
PACEB2XUZJWEY8BH,4616.867782
NKCE6XU6USJZXSB8,11491.73046
SWSEHTRZKX3HZCMJ,3860.954568
PCSEC86V2Q6P7PAB,6027.223176
NKCE6GJ5GD7KR8KZ,447.482499
CRTECN2QUAQVZREG,3344.872457
CPCEJCCPYGHSTWTF,6038.674128
NKCEBBEYX8NWRXHA,3777.527876
BRAEBBMQWK9K65UU,2018.405008
CPCEH2BTGUYS5XJB,4264.990733
WATE3FAXGFHMASYX,3115.176042
NKCEB98T6AZZCH8H,6795.117095
RNGE7M92NWJJEHDD,6398.736023
RNGE8URWFPRT4QZ3,7196.953436
DREEFFG5PA6AVFH9,5536.016042
DREEGNWGSHTUKCZM,7832.023579
LJGEJ3G6J6Y4UUH8,6051.901411
NKCECZFZNVGGSVBT,5265.275393
ACCEGZ6BDHTWARMS,424.7457943
TOPEDFACGQGAAAST,4248.111767
NKCDU4RZCR2FGCCU,3413.000359
SHIEBQF6VHTX2HYZ,5959.15742
PCSE9Q6VCVMWRAPN,400.3159116
PBXE9A6DECDDMJHH,910.3430742
SFFEG7FXSSCPUMFQ,577.8166553
NKCEDCT9Y2YDXE7H,5901.503308
NKCEBMDCG3PEZTHX,11883.21152
CAGE53FSJHRA3SKZ,3899.193304
SNDEE5FM7FEKDRKR,3845.261037
CRTECN2QWM2RYWZ6,2843.476577
CPCEJMKVMKTJ3WHM,5610.323542
RNGEDAPTVZZTHMY4,5651.095495
TWTEHH2BXEHVZD7E,4363.817941
SHOEGAJFAU2N5RUR,6230.786937
TROEJF3VVVJHAGBJ,6856.29309
BRAECKHYM8BYAKHR,6537.874765
NKCEBGJZEMQ4FK2F,2364.839099
SHIE93F2DYWFVQNG,2364.382882
ACCEAZCVJZFACTYS,1542.128469
CAGE4BQYUXBFXZVF,6655.539495
CPCEJMM7HWCNNGBR,4598.978126
NKCEAVZ3KGJFW6FS,11170.76952
CCVE3Q2TBZRQYZSZ,653.5421685
TFHECYGAREJ2ACWS,5164.634499
CRTECN2QTH5UTZFQ,1424.934859
NKCECXEAF6GMGJTF,6064.94939
CRTECN2RFMUGEFRZ,2654.478847
NKCE8HVPHGWPPMQJ,2955.138557
MDYEHDH9HMZPANGJ,10371.32521
NKCEBFWTSPVWSGXF,774.1243151
SKIEG49YYDQ2QDKM,12254.21612
NKCECZMAXJZH6XJY,8680.473695
WRSEGHG9XGHVRSJR,7268.664925
NKCE9G2BYZGJGASJ,3976.369443
HRCEGVM3ENRZXEPB,8166.816897
NKCEBGPNHGQFQWSU,4235.511115
NKCE9YFBD4MBHHWZ,6129.941953
CAGE4Y4FZ7H9JZTB,409.3564459
MUGEGZUNY75RZUNG,1752.24231
KRTE5RNER2AGFGCV,2346.482342
CDSEG6ANKKXHFEVX,842.3789054
SGLEGBV6ZYCNDR8F,5881.909264
CRTECN2QXZCWFWHR,3636.952219
ACCEAZCVWMCUN6MZ,1042.156602
KTAEHE9K8CQJMQCV,2814.136595
PBXEACG29J4ZFS5Y,3190.78085
PTLEHK3XF6HH8ENC,1527.521266
RTRD3849TERR75YB,277.2312831
BOTEEMN6NM57HSBU,2646.515731
PBXEB34ZWNXHWUGV,431.3462416
NKCE38HCHH7XVHZ7,1145.876775
WATECGG4W76YEBUB,4421.078639
KTAEGX2WM2MBUSHJ,5840.972322
CRTECN2QZZACHGYQ,2388.548441
RNGDVVYB6RGSAWRZ,4275.132488
TSHEHU5RKERGP5SG,4944.088463
MUGE8S9KB8DUER6P,4282.171699
BDGEGEGDXYHYAJQN,6563.118778
BRAEAZEFXGVCTJJN,7528.88159
ACCDQDYBZEQG6HPZ,7537.669419
CAGE6FYKT4NSENUS,4490.082445
LBXEHYZYWMMQA6HT,5916.458224
SHTEDWTVCEUBHNJN,8384.704043
RAQDCNWAGART9UVZ,3397.961956
SRTEGYXHGCTXUBD2,6851.226438
NKCDYRHGDS3PFHWZ,1965.627182
RNGE86J7FRTSQWCR,5856.26007
CRTEA7HARUAWC7VG,2810.85667
PCSE4SFFZWMNJCAG,14159.62397
KRTECQSNY3GFESAZ,1170.91305
CRTECN2QU6HG98UZ,2896.886616
CTPEGGFSTGPEZEUZ,5447.945892
BRAECKHXH8BU3HBY,7265.051508
BRAEE6YMMWFFJNB9,1061.919062
JUMEJB3YYZM5HSPR,608.3095345
SHODYGFWEWCG6S88,4128.960904
SNDEDKKXMX8ZGVQR,5832.163051
PTPEY6JZGMWZF8H3,6091.249108
TOPEH3KTNUUZHJEZ,3353.800467
VPAEHT6TNFR6FWTQ,983.6993466
CAGDUNH36EAX85G8,5196.989388
ACBECFGT5ZWMXAVZ,9163.009932
NKCE4CSZWA3EAF7G,563.3463451
BRAE5RZ6UGSFD9HE,1065.640647
MUGEB7J7SPWJTRDC,1966.615468
PTPEFMKUTCGZB5G5,3147.247314
CAIEGP4YSZ4GNUV4,4295.844406
NKCDWBPZGZW7X3MH,4937.438564
SWSEH99SSMHCNFQ9,494.8094107
SPWEJ8JHFG9PTDUF,830.8039278
HMBE7G34Z5CGHWYV,1172.734696
CAGDTN27DEWJYUHK,855.7608361
SHOEYVXVYAVXACCW,3142.846263
MUGEACY8CDCZTUMD,3218.611329
ACCEJR2FXPFFX5H3,6097.207161
NKCE5MEFYG3PUGXK,2903.443702
ACCEGZ66Z3SSJEGS,926.3223865
OTYEHQ3FPHGKV36X,3870.020304
RNGEDAK8ZDN2J4FC,1306.887233
DREE74XGZFU3T8TH,3095.316614
CAGE6GQCCDSWABFT,3979.28517
SNDEDGBMM8UGED7W,2169.189284
NKCEDCT93M9UCFF4,4328.412333
BRAEBYMGFCDFCEJX,1082.198806
CRTECN2QTARWPXSU,4632.810758
PBXEDDEFV2FSNH4S,17704.70978
VESEGZRRFGMV9JRD,4483.6782
BBAEBSGBZHAAQNSZ,4588.195624
NKCEAFA9TT2YCXGF,751.5011966
ACCEGYP2U9GYXRBX,4026.583174
NKCEYUVRC28U5CEK,6449.531704
SHIE9HH3AFF2GXZD,4323.947897
NKCE73V3N6ZSSGKT,1371.406468
ETHEJG9FWZ7NZ3GK,6795.090888
CRTECN2QWA68UMF7,4674.607816
DRPEHYHKJX3VJS4H,4432.714068
NKCECFGDJGFGXYK3,354.5363392
KTAEHETWZZ5KEAT9,849.3486719
CAGEBTJBTZ9HK4AU,1199.881119
NKCECKHYH64EPAVZ,3691.558925
NKCE9PFFUGQPHF3C,8089.935883
BRAEDSGQVKFWUWVQ,8307.85112
ACCE8XZMD6J8HBY3,6586.078362
MUGEAGGKUQE2HYPZ,2171.708072
NKCE6GKJTFMH5P4N,3309.691817
NKCE9PFFZCSSMMYC,5083.803598
NKCE9G2BZYKFA4UQ,3323.090463
BRAE6ZCKBUYE9PTV,1929.603035
DREE4DF4AD9ZZHEX,1043.687474
NKCEAY3RNC2QTZXR,1561.447823
RTRDRDPR9JHCSBGH,6970.292329
PCSE4FKCZ23EPQFS,7794.683539
PBXEBJ4N3HJZ7R3G,3018.457296
LJGEJQ4MHZZTHGPQ,4230.955088
DRPEHYHGNAF5UYUQ,4507.467115
BRAECVGYZGZT5VU5,2153.898861
NKCE7MMGPQTPZZ4H,2578.652325
TOPEYZ3FCMTYGPVF,5498.54384
CAGDU85YG8UZE7MX,1930.904278
BRAE3TSHZWSBH2UD,4868.498502
RTRD6FYY7B26SHXC,504.733861
WATDGFAQCFCVSJPA,8594.246066
TSHEHU5RZMHH3AHV,5256.991529
HMBE7G33NPATJGH5,1116.024956
BRAE9RDQHWKAKP3V,7378.864143
BRAECTFYJJNYCY3X,7057.079144
PBXEC8ASYZ7YS7EZ,605.6321932
TOPE45NZKEMCDZXX,1613.178434
SHOE2FQCMD3TAYMF,3474.401934
BRAECZZTSHGQZXDB,3552.92774
NKCE9PFFKH97YNZH,4724.935012
NKCECGT3NM7QF8WE,7035.133477
CRTECYY4GWBEETBG,2596.779015
NKCEC8ANGCPBJRZ8,786.8930014
BRAE8JUGDZBU9VR7,7456.905233
NKCEBUPHRGF95VC7,1783.99792
CAGE68FFZ2ZWZVHQ,441.3781406
WATE2FAH5NM8VY5A,8970.500511
SHIEHXZEFKZK3FSS,700.5120004
BRAE6YVWZ6KH2ZBQ,2937.487739
NKCEF9GTBBTUSVTS,8870.740569
BRAE3TSHYRVTD8GA,5581.580775
TOPE4VR5DXAHVAG8,4393.247896
NKCE5YA94NVQ6TQ2,458.2681831
TWCEJFXHKFKVGPV7,6908.880159
SHOEAVPFUVHJJRHT,2467.924406
RAQDEHGUB5VZTC8H,3231.469019
SHIEBZB4D4GDYYRS,4302.505873
NKCDY44FCVDHFMHM,930.348557
AIREFFFUHNZVZQVR,6159.852646
BRAECKHYRHKCKCKK,8126.11758
RTRDZBJ5GRMDUZ8H,639.8090616
RTREBTANEFURUPYE,6828.099718
NKCE7ZNGGKGZKEYG,402.6154151
NKCEAKKRNRCZZDV3,4881.067497
FABE92NVEAZSZ5ZP,4467.508139
NKCE9QTMY3BFZCQD,3228.891573
LJGE9TGN9YHYZEEF,4392.10717
WATDNJVHHKXKVRGF,1600.391416
CSPEF6X75KQDJNF2,2305.805646
NKCE4VA49YHSX6KW,8229.279062
POSEJUA75X5VGPAJ,7516.338769
PBXEA92SYTPCDYMB,450.271279
NKCE3KVS9DFHXFPH,3962.585118
MUGEBFGY49MKHHRT,3141.709463
HACEGPF9FDKV3EPK,5368.012455
TUNE6BCYWTRKGGKA,8892.855172
PCSEB3FAUUWKEPEF,8208.341466
NKCDU4RZ2GGYUJGM,842.9842627
TOPE8N3AF8HQ4GYA,6255.646371
PBXEAFRYZSFHZ2CP,1030.423966
CAGE9ABAQS8WKHHY,433.6042196
CRTEJUA3CYHVYNHD,5841.082106
PCSE4V8GWTGYMVFY,6247.802104
VASEG3YYGEKHXWN6,3737.79318
JEAEGGED6PZQCGTQ,2282.350937
SNDECRS4R3DV9QXU,6681.532484
PBXDT4FTQGZGVCNC,2934.886096
BRAE6AV3ZZQHKDCN,7638.602971
CAGE8PKGBKNCYKJK,850.4382662
CSOE2V29ZTH5A3QU,3598.114223
BRAEAW9HSZNM5URR,1084.197015
BBAEGGYMPH6QYBFF,4077.371846
WATEHYVPGMHURTKG,3081.829902
PCSDY5AFGFAQNCY9,1309.827765
JCKEEAEZMGBEXQFK,5283.03651
WATEYAP3S3TD5EMR,9921.09004
SHIE8M9PWUF5H4SF,6710.951154
LPBEJGFEZNV23SVG,1732.599404
PTPDXN7BGMQBZUTA,2908.881527
PAEE7ZWAGCXEKY8B,7819.629276
CRTECN2QZHEJ6WJC,3381.200672
FABE92NVZGEQ4HY8,2111.978438
RNGEDAKEG2DV5Y5D,5905.564158
JEAEGEFMHBQGU5NF,2081.846268
NKCEAY3RKEPGNWWV,3733.945422
BRAECKHYUPMRFRTZ,865.2596067
PELEGTPGEMCWUGS8,4112.200856
LINEAVE2XKZNANN3,2950.657185
RTRDNGVMAKRQKH7Y,3178.211745
NKCEFG3D8UWFGKGE,2652.638714
CRTECN2QVUET9PQ8,3084.818226
JWSE346HBDCSUGR6,4806.818435
BRAEA2E7XHZHG2AG,1695.192882
PTPE2SSXSTFH6HYY,4823.985639
BLBEJR22ZT2WUKBZ,8700.114671
MUGEBFGFRPNWGQTD,1355.36912
PCSEDP3UF6EYPZZX,488.3646743
ACCEGUY72CYWXAEW,4844.82232
MUGEACY8HGXBNPB7,4251.03204
NKCE5VAAU2Y7ZW2Q,1158.330786
NKCED53EQTZ6R4WQ,2741.078752
PCSDY5AFPWQBABVU,8011.284797
WTDEDGHHGDEPSSRR,18431.99187
SHOEHEP5EWSGZ7XA,3570.582355
RTRECEYMHGP3JXFV,10167.20265
PSUEJA2HRBPYHA6K,2536.504479
TSHEDF3HADCJKGWD,3994.347031
NKCECGT3BZDXZ3ZH,253.5531926
SNDE85CH2PN36BUZ,8284.200529
SHOEFVT74G5BYHDY,815.7495329
RTRDA4U7UE3Z7UMB,1285.275927
NKCED6EXGZZKTGD7,3443.197944
PCSEAHJCVPRUPVHX,2395.260572
NKCDZFFRZEEMHAFJ,3397.228482
CRTECN2QVVTNPXXN,1450.698895
NKCDSCF3HNMXRCF4,7605.879715
NKCE8JXSHFBBQDKY,3324.005334
SHOEF9G8CVWHRH5M,469.8373414
CAGE2MACSYZCWHFG,295.939458
TSHEJT2R2XQJN8D7,6447.869869
PCSE6SJGQCXQGC6G,7442.327505
PLLEHQUGEB6D5FCX,4579.498126
RNGE7W8T7MYQQEFR,1353.306068
NKCE96SXDYMGSFBR,1138.572375
BRAE3TSHYGDRV2UC,1238.204665
FABEJX2NHNKCYHKA,541.9085392
BEMEGFHSMHZYNZB8,7469.165206
WCKE2TFF4ZYGXUMH,848.0218788
BRAEDZ9GVZHWZ5BG,7818.941751
RNGEH3F2FAPU3TAG,2168.021491
CRTECN2QTPZCMCQD,2475.536483
HACEJQ7HRGNBYCEH,4183.896877
CRTECN2QZMHEU2J3,6921.330218
DKOEAWE2SCYPC5AW,7704.645111
ARPEE3YX9Z4QGJ86,2411.775755
JCKEJNH2AZGKWGZC,4647.897824
BRFEFY5BN9VHU27H,1569.035961
BRAECKHZWAGBVZXH,2877.019266
NKCE9HF3TENMYXZY,2997.3982
PCSE4SFFJSWJZVH4,5780.202229
NKCEBHGBFEVC2ABB,6176.383819
MUGE7DUFEC3VUZMF,5543.490641
GRKEG4UVAZTGYWRB,3884.268322
TOPE4ZKTSBAEXGFR,3936.596266
PBXEAP3SWFZRHZ6G,754.024042
NKCEB5BVMYFMHAQH,1531.160383
NKCE3HG8FDBHK5GX,3617.013376
SHIE8WYNYRHSFCRR,2847.252908
NKCDSCF3QD5EGFJ2,5087.04482
TKPEG27A7Z6JWK6Y,5826.848441
CAGEYFZW7F56GWZP,554.7735495
FCTEJXGUNGMHANE2,8138.86616
SHIECYFWJWCCHHQS,2406.168077
RTRD6FYYUQZJBY6F,4219.979906
PACEB2XNEBZTJZZG,2150.669091
SHOE2GUHSZRGGZYY,4873.801805
ACCED55XRZT9N2HH,891.7378851
TOPEGVHJECVFBRMF,4759.221953
DRPEHYHN3MYJDGGM,643.9830476
RNGDXNG3HGFQXGAH,915.3145821
SHIED9AKUTQZQ5ZK,3824.112944
CRTECN2QST3Z947Z,3913.059074
RNGDWKZMKNTUBPSF,3804.599607
DREEJY2NVHFG6GCB,2386.245901
SHTE37DQJWSQ4VGH,5517.742595
NKCE9ABEYD53HSVG,5206.742778
JEAEHUHKMA8EGUUU,1698.410586
SNDEHZPDGB2ZT8ZY,4113.0379
CLTEGMUMJTPY4RMG,5077.886709
BBAEGJFQZTGFHJHD,6933.115185
TOPEEERRTBB77BXA,6002.297796
NKCDWBPZQANZRF5M,3680.12928
PCSECV3FSSB22FGE,6438.129827
NKCE6WR3ZWHWKEPQ,2721.82757
MUGEAGGKQM37W42E,3829.705281
SGLEGBV4QFHTNHE2,5063.48798
LFHDQAZP4FHGGZEM,6076.821553
CLTEJQ8FTCZAEPNG,5454.284995
NKCE6XU6DAWYHWQP,950.5443163
TOPEBN32XAZ62CTR,3293.957163
NKCEANMPATURDMHV,1471.268149
PCSE6X3YCSZEG67R,18978.25916
BRAE4DHZDPMTFZHC,7311.686446
HAREGG26GDJWFYMF,687.1608132
BRAE3TSHWZREUJAC,2057.749396
USGEJPQHZHYZQHBU,6102.139431
WSCEJTDHY9UHKP5K,9384.664721
SHKEGNS9TWHJAN6Q,4154.841668
SHIE3FHYRRQGFFXN,4358.759153
SCHE4YSTYDQBDYQF,3212.497598
SHIEFFFPDETWTWZR,3186.152845
ACCEAZCVPTGEGVMR,8230.846912
SGLEGBV7VGZM7BFR,12991.10021
CAGE7BZ56MVQGKAB,2159.405865
NKCECG6ZH5MJT4B9,3136.748031
RTRDZBJ5FZSU4AYZ,4433.861059
TROEG3VYGVSB9F5H,4343.753028
SHOEHXFAM2NDZBHW,3601.736126
BRAEBBMQY9VZRC7G,6872.738505
PYJEH93NGYCXNNFK,2095.510559
SHIE6ZSBHCNYY2CP,3342.528384
TSHE4DNGUCMVXYUH,8899.867085
CLTEHE9FD2APDRWQ,4498.749916
SHOE6ZVUSR95HF6P,8203.37393
SHIEGPXGZTK5B3GT,5854.248226
CAGE2XC2HFSSQNSM,2421.837826
SHOE2ZNGUCA4DHHP,675.8610976
CRTECN2QXHEYVVTX,2423.787319
CAGDSNMD7GV2GYMH,1273.709991
SHIEC8ATXGYEJ4GD,3629.596649
CRTECN2QYASYFKGS,2845.889138
CRTEA7HAHHCSHCEM,5152.970096
WATEA2H8FTBKZGGG,20192.41181
TOPE7T4YMXRK5BVG,434.1978756
NKCEAKKRTHT8RNC8,3369.919264
NKCE9HF37STYM5KA,4513.020242
SNDEG6GXFS5RYFGK,9913.2209
ACCEGZ65AEVGSGZ7,656.7800911
SRTEH2FVVKRBAXHB,639.556365
NKCE5QSZ6FQSNBDF,2899.791373
SWIEHF3EF5PZAZUY,3422.733618
RNCEGBGW9PYRXNZY,5726.744761
BRAEDSHQ6X5YYX6N,2967.970192
SNDEHZHVMR3XPBST,4302.242844
ACCDX8ZVV2RCNYCY,1184.006359
SKIE83ADUJ28U8ET,1159.003541
ACCEJ6TEHCH7MCQ3,4192.420368
CBKEJ3ANRFJUM4TM,4514.297837
RNGEDAKBVC9TKFHZ,6328.308646
MUGEACY82GPXUBAC,2675.682554
RTRE4VNCJZ3UPGQZ,3183.798423
MATE49ATDVVEEEAN,5689.13321
NKCEAVZ3EDVJNXMT,256.5503277
PCSEBXFVZSYJKRCS,8602.483652
TSHEBSF9NBDWJXZW,1262.317975
CRTEA7HAQQCGTPFU,3675.515025
CAGE3FX7HWMQAPCG,289.326621
NKCE9PFF3WZAZZXG,252.9516028
RNGE3YSW9ZUZWYQA,9777.209525
PBXECWKZHWRCZZPJ,1848.222745
ACCDXFA5QFCZZ4WZ,6551.02016
NKCECYNZGHYQEFHY,4304.724761
WATEBYZGCFGUP9HG,817.2919215
PELEGPF7UHM3WUE8,5875.099366
MUGE9HRRWZBDVHZ6,2858.479687
PELEG5CSGWYFCFNQ,634.8559043
PBXEBQGMBP2VJTSQ,2239.220563
PTPE4JYTPVYZ8ADY,6068.18376
SHIE9J6PYVBW5ATG,2982.431188
ACCE5UKY6UXGVT9P,2682.97189
CRTECYY4DCRARYG9,2710.342741
SNDE8VY9K2JGMJJZ,7473.561644
CAGE225HGFQ4VSSK,6517.609781
SHIE7PD3EF2NCGBY,4211.989875
BOTEHZDGPGFHVQWJ,5410.697918
NKCE7MMGJSVN3J2W,4896.639391
ACBECFGTRZCFBJZJ,6052.114625
WATECYMJPRYH8D3E,4950.773149
DREECDCRPFKFH6EH,4807.385315
CRTECN2QVZFZWKQS,4028.669822
CTTEH9FTTMQQHD9V,761.7420781
TSHEE4WNPAZGNG97,596.9889857
CRTECN2QVS6GJZHS,4430.547457
SHOEHYEXVYZRGMGJ,4440.217088
SHIE9FMPQBGXGTTH,3815.57924
CRTECN2QXRVZAMUH,642.5835622
MNKDZKF6WYMMF2M5,3548.955322
RTRE63NMMRZ8MUJT,1112.10292
NKCEA8US7TNGUJPE,760.6083696
CPLEHB7C7QYBDMTV,770.4445345
NKCEANMPCSWGRBH5,9902.907101
NKCE8NDJ76XBRZ2H,1785.904636
LJGE9YJHTJZCQ5VP,169.4367624
JUMEHGYX4SXZB5K4,5839.97272
TOPE7QTUPGHXCBGZ,6509.595638
JEAEGE5F2DTDJKCZ,2997.99586
ACBEAWCZBU7RZGGJ,3709.664806
PBXEACG2NG3RZZAF,533.8055664
PCSECYY4ZSXXVKFD,8478.354413
SHIEBBWHC4YGH5GY,14049.50468
NKCED7FPT2YG2GGS,3666.866012
BRAE9C3HQTDHK7HA,3137.359037
SHIE7ZWAT8HEHBZX,5744.290154
WATE8H957FY57WCH,1328.980565
TOPEHZNPUWSFVHKM,562.074385
ACCE7B8NZXHA5ZV9,7448.480274
CRTECN2QVBDPEQQ2,5254.910411
HACEGPF9EMXPSEJU,882.0087759
CAGED4CHGZGWRKEB,561.1265601
SOCEGHM6JKRDJY33,9018.02847
BRAE6ZCHDGWRDHCW,335.8303083
MUGEAGGKFYCFTBUJ,4581.9945
NKCE7MMGKZPBQQS2,4284.326666
PBXEBQGMSHJDXHKW,3342.555875
WADECHFGPKW3DHDX,4287.637584
SHOEG7NXNBF9PPJV,7345.970944
SRTEH2FVUHAAVH9X,427.8564642
WATEYAP3WGHZZ3FA,1664.32051
DREEAM8QTHGSDYJV,3820.20651
PBXEA4F5VFXHSCY8,753.0425767
SHIECYFWYYZHU6NR,1547.100153
DRPEHYHJQNGXBZNU,3267.789717
MNKE75M6XXECTDK6,2207.552652
WATE9ZYZRREUHQN4,4545.275369
WCKEGM8FGU9ZT8QG,1149.222312
NKCE9PFF3GCQYWHR,797.7139829
BRAE9Y5V963WTTNW,8151.081199
CRTECN2QWTEBGJAJ,4311.42759
PBXE4RB3HNFDXGGN,3320.517256
PACDZTD7YB2EUMYE,443.7896377
KRTEJNFUHUUXGPZT,5284.069696
RNGE87FCDRS5ZFGG,4861.76147
NKCE5H4XW2PH6KFH,8351.448169
CAGE44J5NGQHXMHF,9161.77576
BRAE3TSHZRMGEHDM,4128.817082
NKCEANMPKCEZADTJ,5198.679063
LJGEJPFEVY9GXNGG,6954.871028
BRAEDSGQVSTGKAYQ,944.7916424
HMBEJCMHXNY6SVVY,2532.875849
TOPEYQHGTHDHSJNM,3884.693353
TOPED9T33BGVTQZS,5729.691576
WATECDB6HPXBVXCF,4869.07267
BRAECPQ5HFH5NFAK,863.4223585
ACCEGKXQ8XFPHC9T,4657.405619
CNDEGP52ABJZHGZY,1223.833746
NKCDU4RZXFGBQBBP,3924.97105
NKCDU4RZYKVHDKUB,6393.94636
SUDEGGB3JXAEBFYW,1725.194324
BHGEGTATDSHFENHT,5106.810666
CRTECN2QWSVZAX9V,871.8084031
BHGEGTAVWRZQTU6T,768.2801181
MUGE5HG8FG7YJHMD,1053.154578
TWCEJFXHMSCXWE9J,6780.204688
TOPE8ZAFZZ6YMGFY,4896.216197
ACCDSY8EGJPW7RJB,900.0307969
SHIE6ZSBHDEBFCGM,3810.151046
PBXEDDEFTWAW3HCU,446.6852505
RNGE87FCDWVPDTKV,3581.127461
NKCDWBPZVFY7H9UY,3054.257083
PCSEE4H5CYRKNRZR,643.4770731
CCVEFX3Y9DFJVJUU,2884.609268
DREEFJ44EBBUEKKY,7074.026057
TSHEJUCY9HGZMKHJ,5453.890723
CRTEHSSCUCMVN7SP,3666.044166
ACCEGZ5PGHCDZTNY,3733.062201
KRTEC89PH6PVAQDT,1545.320865
ACBECFGTGENHAGDR,636.0076339
CRTECN2QUSZGGH6Q,5049.345894
SHIE45Q6SJGSMHTN,3645.138131
VANE3KUFNUEGQNKH,6516.119873
MUGEBFGFM83MRVN7,2419.43952
PCSE6SJGYMZB6CHV,14849.82195
BRFEGHPHWBTHAX2X,11768.64889
TOPEB7BFCW7YG7KG,7188.111686
MUGEAGGKJM5GUWQH,5631.36681
NKCEBFWTSMKDQZMR,605.0970797
WCKEGGN2J66F3KAF,5458.736857
NKCE49ATTPYAPNWB,6460.789769
BBAEJKEC2HXUHKQE,3677.178249
BEOEH25NTUDGG5TT,1095.253078
NKCEBUG2XMBRJDGV,551.7972016
MUGECEVFKZHBDRWM,3726.341717
CRTECN2QX6RSYSRG,816.7004253
SHOEH4GRSUBJGZXE,1205.379911
NKCEAGXHHAAGNS2H,4683.280739
ACCE3YFFWB4HHHG2,2982.989917
SHIE6ZSBWSCTKVTQ,2511.071398
BRAEAQMANF5GRRDB,8913.920422
BDSE7WQ37UVSX7SK,4001.618662
CRTECN2QUT9HQH2T,1712.352568
PAEEAMGFVDHGDRG5,13371.25682
NKCE5W33KFFZDSDY,3879.385742
RTRDRJF8GJ5AFZTG,2798.967159
WATDA5ZAXAP2VTGQ,12835.11621
MUGE8NZC8ZHZPNFF,2684.201307
AIREGYYZRAPHRFGD,7192.166831
PBXE68H4HF9ZZWAB,11270.73891
SNDDXFQHUDJDHZG2,5356.861056
PCSE4VAVWZZECB84,4790.175709
CRTECN2QVCCD9PHT,3017.145753
NKCEAGXHSCG9YHAY,3187.869351
NKCEBYWTBUEBCND5,4790.081547
NKCEBVFYZHDYZGHD,4445.654433
SBGEGE6TNPUX8STE,817.1193395
TOPEFCVHACWGSVHY,4963.326932
SHIE8QE6RMNSGPAU,3260.543928
TOPE5F53Z6W4V2CP,3245.784573
BLAEE6KTGFDV8NGP,8233.569322
TOPE89H8PCWMHBCP,5632.443343
NKCE9ZWYZAEAGVAK,4447.875986
DRPEF2XSFBAP4SUZ,5101.86096
NKCDYHF8ZEK8ZM58,3565.786722
SHOEGRUNZPJDGG2Y,4673.17866
JEAEGFMZ7SGJWBR5,5842.924713
BAREGGF8JSE3HTF9,4947.594286
SHIECJ45TFDT4EPB,3163.105784
CRTECN2QXUBGMWSE,3252.916093
ACCDVPGKY3GBDB5P,6698.348366
CHGEJCWFY4HFYVZ8,1443.557482
NKCE9YX2HGNZSZRV,11960.48324
DREECJD8CZDDUJNU,4039.921136
PCSEC86VEBNYKRB5,9501.051222
NKCE93H2ZTHJGFVS,2779.934808
SHIE5HBGDYSHVA5R,2550.822821
DREEDVHXDYJCAEBP,11541.65671
VLBEGFFEMY8ZFEMJ,518.8057002
HCSEHGV96WXQCBN9,5003.216861
NKCE64Z489PQN4U4,3655.906748
NKCDYQ3RPPERYA9W,4746.586947
NKCDYRHGP2UFXMT7,3315.685473
HFCEGNQBS8P8EDHZ,5360.939376
SRTEGWKHXHCF2TME,6606.19497
SOCEJPT5ZR5ADJA5,8163.950634
BRAECFAREVYWQSQG,1002.877443
SNDEDTCXWCGDH2HA,5721.006605
GLSEHPS7UYJVYUTR,1060.233886
BRAEBBMQWBGB5ZFQ,2152.245083
PELEG5CSGASSHHBK,1551.577211
ARPEE3YXEPFNJGUZ,7352.511186
RNGEDAK7ZDCDHUZF,12216.46166
SFFEGG74CMKFQVHF,3418.592677
NKCDTAXFQMHPMUTQ,8252.88942
CAGE9ABB78YZUHEQ,8770.345976
NKCDYQ3RCVCSYD2E,3050.139574
BRAEBUHYHEYKZKHK,7074.676349
WATEBMY8HWCHMZZ5,4458.799782
SHOEBYWT3QBBAVXJ,5090.724091
TOPEFGG8TJGJ7QDT,5181.282641
VANE3YXDHDRWR9FU,7020.359743
ACCEGKFHHFX5B8HJ,3679.537213
RNGEDAPSZFBHAGJY,4845.934991
LJGEHFBTFDGHGGWD,3324.980311
NKCDRDWAZU9ZJNHZ,3806.325143
CTTEH9FWFHGR9EPK,1048.964183
BRAEBXRBH28AMHPF,8164.610121
NKCE7MMGPQRJ3PEH,2922.917803
BRAEB9SJUP6T68FB,3248.652372
MUGEAYHPFEWRVJH6,2404.694348
NKCED6EXRYZV74VY,659.9846563
POXEHPSHDKBCTWCF,5167.219201
SWDEJWDGXNYEXPXF,2634.485121
PBXEAP3SVFJRZJK2,3891.991949
NKCEBP8AQZGMMWT9,5298.723763
ACCDXH5JGXMTZFTZ,7376.928716
CRTECN2QZUD25VFN,1722.277203
BBAEC897YCBZPV8H,6991.394331
PENEGGTYTYGDHXQK,5006.605428
NKCDW898UNJX5BWE,4748.185857
NKCE8ZJ2643HGFYQ,6545.676197
PWTEB7H2E4KCYUE3,599.1864291
KLSEGTBQ6PSU8NTG,9660.70442
TOPE7QTUDHZZZHVS,3711.35772
ACCEGZ6BY4ZPBWWV,798.8668581
NKCEYUVR3MHTVGGJ,10663.04084
NKCEB2S9CGCM3CCQ,3155.678012
NKCEGGEKZXHG2ZGN,6369.204798
CRGE9667SJM3Z4PH,1075.374119
LBXEHH5WRYQQGNSM,5319.799893
ACCEGKFHRM4ZGYZP,607.9189803
BRAE4VPRPHT9SYZZ,1380.692325
SHOEBDTHZDHFPHHG,4391.809675
SNDEJGYFP2AT3FMH,885.5550912
CAGDW63HG5JBCVGA,1300.584747
TOPEBBGNQEVQZ2W6,4372.560887
TUNE6VK2GCBPBYFW,1357.28208
CLTEGMUMNQXUEHHX,6504.271745
PTPECA2QYCZH8MBV,3268.507156
CAGEBTJCMAJG7NW3,2563.284495
SHOEDHHSRF6FMWGA,2239.724741
NKCE9Q93AZYXVKYN,6972.827318
PCSE2ZMUZH9PARZZ,918.5811848
NKCE7MBRM6JAPEAX,1037.39369
CAGEBTGEHMQUS8NH,7300.524186
MUGEBFGFRUMZGKNN,2487.539382
CRTECN2QVZZS3FER,2140.5513
WATDJTR93NB8HHQC,7379.623056
ACCEGSAZPGAHTHNH,4633.674617
NKCE73KHF8KTYMRQ,3890.683453
TSHEHU5RW2VDGFKZ,5656.614211
CRTECN2QUHGUJNDZ,3890.168663
RTRDNY65WHG9FHTS,8442.357678
SUDEGGB473ACY9MF,438.433009
SHOEG7NWGF93MFVT,4956.558682
SGLEJJ6HEU8GVW4W,920.0392312
MNKE5YG7USVVTPCZ,2492.001714
LNGEBDTBGWTXTYWT,4742.440126
SHOE652MJRRMFBEF,2082.465918
NKCE87C3C9QYYBTM,5127.920444
CRTECN2QVJBRMHRN,3252.278055
NKCECPQAERMCV6YM,1167.615385
SCHE82QGQ2XPDCYM,4208.142753
TOPE8ZAFY82P7AGT,845.9358052
RTRD4KY4UNGYCZFG,7737.8707
TOPECRP5KCUZWYGA,3603.50106
NKCEBFWTHMVVNRDP,528.9993618
CRTEA7HA7X3CW7YQ,3888.722182
NKCDXHWZHPXRF28E,3332.734237
TPYEGGGZHDFZWZ2X,1474.776201
ACCEAZCV9DGDZDDD,7852.647618
CAGE7DUYEYWSYGBY,799.4480726
SLBEG68TKWYVGNKT,6831.588253
NKCE7MMGWBZPZJSZ,2484.196148
NKCDXHWZGDPDJG7X,4082.497379
CAGE8XYYGMRKRRCH,7477.878591
PBXE9FEBPXAKEYAP,9549.374012
CRTECN2QZVH3J8PV,3789.053554
SHIEC8ATMHEWET32,2957.51926
RLRDY36SXZNHEQWA,6166.168312
CRTECN2QVP7WKETJ,2559.915556
NKCDSCF3PH6MPP5N,2791.892689
BRAE5PKZ8QXFHWGK,1884.520727
NKCDZHF7TKGY8BAX,3368.297129
BRAEA8YRRGJJWVHB,1988.559626
CAGED3YQSJXNZRJF,4224.883642
CRTECN2QZH9J6EHK,3104.065597
PBXEAT5YASJRMNG7,1382.340338
SNDEDGAFFSHFKZN2,9873.64923
BRAEBXRBYGYKC76H,7774.761486
VANEB97UCYGMNHRY,6725.478068
CAGE9ABAPMTWEJGH,5404.882615
TOPE8E8NJXHZ4S9N,3910.692938
SKIECYAEGGB8EPWU,5899.547706
ACCEGKFFSRRVD7Y8,951.1392315
NKCEYGTG8H79NJYY,6414.311732
NKCE5V95W2BFNBCZ,2905.197424
TSHEHU5RTMMTFVFG,5814.317129
NKCED6EYRDRJKTPC,12054.19396
SHVEGZUHGVYZBRW8,10438.87852
NKCEA5FHSF4NWKBT,203.7331135
ETHEGMHHGGCXMSYA,1417.862072
MUGEACY8U2HXTXZ3,3919.782561
SHOEC8QG3CV6YYDJ,4583.996768
BRAEBUHTPZGHB6HG,7490.561593
CRTECN2RV7NHG8XK,4292.244278
TOPEFGG8FEQUZSMS,4979.715324
TROEGZMRNERWAHEB,965.1938567
SHTE7FR4YZZ77Z9Q,6172.528015
BRAEDZA3KZVHZZHZ,1974.154536
CAGE8X8XGZGQGWVN,4271.274669
VPAEHPYYFKG4NG39,4108.790078
PTPEFJHG6SUSBPG8,5065.584285
PTSEDAZU69CBFF2M,4864.704308
BLAEFNHBFWEXG6YM,5762.706496
HIFEB7J3RCFHZ5DB,6455.729995
BRAE3TSHZWH8YWED,2619.432196
NKCEANB7H8P6QY4K,1992.248607
CRTEB774Q8HJYPMB,4649.49702
PCSDYQEVGFZSGRQJ,1780.882759
BBAEJKECZ2ZNAUZQ,1936.53461
BRAE6HUHPGFHGEER,4616.457853
NKCEFMZUGH4NG7F6,2802.608306
PCSEE4H5ZCFWZZRZ,2162.72319
BRAEB96BZWFCDVY3,9393.398372
SNDE95MFPFPJ66M6,3239.607673
KRTE9JEZ28H4ZWM4,1296.289432
CRTECN2QUTVCTHHS,5244.957213
CRTEJUA36GHKGQEY,2645.047013
SUDEHYGUMVVYKJCW,4605.931802
WATDUNJ7YKMGG9RZ,5347.974769
DIAEJUCEZNKKK4FK,2690.077231
SHIEBZB49VZZQRKK,3916.072916
TOPEAZ88AGF3KJHS,1387.524515
DREECR3HFXYFPHD4,3519.178766
NKCE8SESAZ4K8HZC,3941.547659
SNDEE5FMQ5YQAKMZ,5385.331591
RTRE9N5GJGJ2GMRV,761.6204065
WATEBNXNMQQQFSQG,4427.388893
SNDE3E6YB6AZJDGC,15241.70623
SWTEAW3STNNJSKNP,11414.72929
NKCE7AGZQB7Z7UFM,2825.441895
WATE7VE2MFQWBF4H,610.3191445
PCSEDCWJBHDR9EYU,991.2478005
WATDZ2ZQHSAYJPWK,9274.079956
DREECJV2GVFHGQB7,7013.276335
ACBECFGTZHFZ64PN,6170.34856
BRAE3P8YHGJF5WUZ,3211.830098
DREEDVHXSAAZSBTZ,2397.951374
ACBEB3489M4NQZBD,4914.554445
EMSEDSHQ3VU6T8Y2,3491.420187
SUDEGGATDVCMWGGH,4745.014617
PBXEBESSDYBYUGXT,8532.598552
ACCEDFVFVMKXJGGG,6649.09657
BRAE3UG9P8GJXZ2X,3537.1068
SHOEJUQFQURGGFY4,1057.772554
SHIEJYHMR7DUKT8W,3342.830583
SUDEGGATJKZYUZUP,2643.934096
RTRDZBJ5VAZG7VGC,7175.652953
RNGEDAKBZPHKHGCQ,6787.29466
BLAEEH2ZJ3G9DA7G,6620.224995
SHIEB468NVUG5HMP,7420.410759
BRAE3TSHZQDVSGYY,5187.545631
PBXEAFTPFDK6BRHK,760.1672658
TKPEFT4AD3ZQZZHN,6913.251223
ACCEGYP259YXZJ4H,2488.104235
RTRE3KKXMVHMRQ6C,497.8101273
NKCDXYFHHPBSYJDZ,4065.104022
SHIECASQHFWX59GJ,3445.397674
TOPEGQKDATUDJTAG,5853.831769
BRAECBDFZAEZYD2Y,1022.475633
WATE4S5RZ8P5JZHZ,11034.41939
CPIEJHF6GZEM7SPY,6127.359077
CRTECN2QVMFZFNGC,2865.91089
SNDEGGRYTVYGPR6F,2566.845836
RNGEBPU7PG8W88TV,9948.715484
HMBEDCJHT4FCFKGD,7689.259605
NKCEC87S2ZAZBYAR,3155.577737
NKCEC88C4GV4UFN3,5257.344965
SNDEA42M6GZNV7M3,7001.268049
SGLEGBV8BENMFZGH,1724.818549
RNGE7M92PHFGGBUJ,1745.071691
BRAE3CYXV4JGWEDA,1365.487932
CBREGYBXZKY5VKSK,727.1740787
CBKEJ3AN6GEACKYR,9674.038985
TOPEBR5GNG9MACAD,4548.500359
FABE78FYGHF22FNE,6806.334644
ACCDX8ZWQFTTGZYK,11012.91507
KRTE39Q4GVHFHWZV,5793.589908
ACCEGGBTG3HMNHNA,3774.646949
RNGEGMMBCJGQGGEF,10098.01188
BRAECTFYVHHKMV9H,6425.033779
NKCDU4RZRCYAZHY7,3638.409886
BRAECFARHCG7P8WT,4793.684941
BRAE3TSHZ2XFSNUT,2835.621585
JEAEFYQHSR7BWPG9,1147.089671
WATE3HFNMGVTZEDS,1517.822794
SCHE3Z7Q3TSVYMRP,4764.841554
DIAEJUCFHWGHUQFP,2897.567745
NKCEASN6TXJGHZUE,5942.141556
WATEYAP2ZFEV2JKG,4786.596057
AVCEJCHCDNFTHSQC,5363.279594
FABE88MH3NGH8MUD,3455.189322
PCSDY5AHFNSPGSV8,4012.881552
BRAE785RYFT8WTHK,7222.695546
PANEJQ5YHAHQYD4F,3795.649907
NKCED6GHCAHTHNCZ,9466.98203
ACCDVDC8S5JWEE6X,6051.53386
RNGEDAK9YXVZV6G9,5194.969835
ACCEGG9V98NCXGPE,5058.48359
ACCEGH6RNERXNQHW,493.6359019
BRAEGP6SFGYKNNCD,6624.097203
RNGEBQZQGQVJZEHC,5457.440562
NKCE9G2BGNV9RDXG,3436.188154
TOPEYP876AAGE9NC,3774.077717
RNGDTBQTBEMPDBMB,5233.233673
PCSEC86VVTQJN5AQ,7230.138178
NKCECZG4EYKY7XEH,2854.585963
PBXE5YGWHMS88ZBW,3365.572046
NKCEDCT9CFG3HCAQ,1633.465635
NKCE3Y5PDN4U66HC,6782.627366
NKCEANMPKCDG8DRP,9441.226082
RTREFDXTZ4GGGAEX,3085.180949
NKCE5WSJTFZWUWBV,4987.500932
NKCEB3GZSB8GTXCT,3878.972738
NKCEA5FHBGJ9JPFY,368.7584053
PCSEAN2WCFR4FXVB,1167.164095
MUGEAGGKYWKB6YGX,3920.672808
RNGE7M92HHHRXZKG,9391.706105
BRAE8TFMPNB5GSF5,2114.276534
NKCEAFDAZGYPTKGF,8146.242198
TROEGZQHT4UCZVKV,4581.610399
PACE5P38T4FEUHZC,2491.293531
NKCE8E6YSG2KQEGD,3034.768055
CAGE8PKGGGHUXMEN,364.2311794
PBXEBJ4NUDH3PXZY,11870.59278
NKCEA5FH8FXQKFAG,3813.969493
VLBEGZ7SZTDCNGTE,11196.13727
NKCECZG4HNVBZRYY,1176.717612
NKCE9PFF5XE5AJYU,696.9836219
TOPECB4EZYHC6C3B,3164.100514
TOPEBW2YNZX56YAK,5253.87075
PCSEAKVBT8SMGNXV,1245.939703
MDYEJF57MVYHRCUN,5790.741034
FABE7B2FGV9CDFZH,570.201255
NKCE89MSGZ7NVZ7D,3651.886489
DRPEHYHH78DZHUZG,525.1685613
NKCEDCT9HMYQSMGV,3359.855366
NKCE7H5KZTH3V6AF,4040.177211
NKCE2W3WYHE8SCJD,5482.969515
NKCE9PNY6Z8VKAQY,6461.019365
FABEAJUHWGPHZUGU,7345.775122
SWSEBS2UXYZBSY2Y,4319.810174
PCSEC86VA2HGZGXW,5573.235986
BRAE9Z5TFXB7466Z,360.3941118
LSKE99UKDTDN7HBM,9031.9671
NKCEBHGB3FZSR5RH,9091.875639
TOPEHZNTFAHEZMQA,682.618528
PCSEAYRTZYDSPGMB,7638.871197
SUDEGGAUR7EGNEQ6,7735.838074
TSHEB72FPCF54KZU,6747.381265
SHTEJGESKVEMGRYR,795.6427551
SHOE2NKQ4NXGAMYX,3552.609882
BRAE3TSHUSSFTGHN,7465.243047
NKCEAHPFWCZQQBAG,3483.757504
BRFEHTTQHPRGKZZY,5176.598092
BRAE2NF6XZZJ6EXG,3068.147811
NKCEYUVRNDSCECZR,2972.413197
PBXE84AFK5C9NMYV,4623.999365
SUDEGVG4VNMYZWXT,3249.77122
NKCE5W339WJ23R7Z,3346.410966
CRTECN2QUBGAGPCK,6337.188047
BRAEGG4P8HYHRAC9,4049.017243
SWTED625BMZKJXHP,3367.939256
BRAEB9SJZKCAY5SY,3522.630683
WATE8E8PCQJAQNAP,9239.652407
MUGECJZ2AHNZ2JHS,4105.08785
PTPEFJHGGFH7GA3Q,3903.888343
SHOEH76627H5HRHM,4776.353735
CAGE9ABA6MTKHCNM,554.4106925
CAGE5NGBUYYEVZ8S,730.0193287
TOPEGH27GZK5XG7P,11843.05506
JEAEGFMNENQ9G6AN,1492.013774
MUGEBFGFYPNW7GQ8,1991.379944
NKCECYNZGPXQ6HR6,3828.150538
RTRDB8GKEGG5E3XG,3218.456696
NKCED6HQP5QHVGGP,902.4170094
PBXEBWY3QC5WCPHS,291.0623078
NKCEY8KWTM9HZKDJ,6964.859433
ACCDX8ZUCDGVWWWB,5688.321776
CRGEB5MNWY2XSW7T,6347.447936
PTPEJPZSEFCE3CZW,4831.221435
RTRDMTEPFH3EVUM6,372.4623955
SHOECQQFYNSCRFBR,2851.658603
PBXEBQGHT5PYSDHM,685.6893012
SRTEH2FF9KEDEFGF,3419.205455
TOPE75N4JHUJCF2H,8583.028721
VAFEHQZYGH5HRJJP,1042.015837
BRAE3SGZXAPZKGDK,1813.315948
SWDEJXHARNREQZVK,5697.830717
SGLEGBV5ANNWWFZX,9128.708756
SHIE7BZ9CHKNXZJU,570.3888618
BRAEE3RMMRRFQ9AD,3046.915338
MUGEAGGKYSMHGRMH,2290.395595
MUGEB3GZ4ZYHF24Z,2416.73751
CRGEYZ5FGRTYJUT6,6136.505802
TOPEGHZ7ARZWUVFS,2135.102243
CAGE8PKGXDZFUTHH,3329.828105
ACCEDTNRXHXZKH4G,5267.127132
CRTECN2QZWHEJRGA,6371.004865
PCSEBZQ5GMBXZFCF,1714.525652
MUGECEVF7HGA3QMQ,3858.440551
NKCE6ADEUEPXCHHK,2613.503872
BRAEBBYRZKNYWP6G,2068.560852
BBAEGGDE8QWHDEYB,4421.436965
HOKE6KZCEZJFHQMY,5046.892549
BRAEBBYRXQSD8NZX,2666.359211
NKCEBF56FWWZ35HR,6834.018319
MUGE5HG8VVGMBN5M,3338.289799
BRAE5VA9GBGW7M7K,950.9094047
CAGE7TVZ8PH9GJQU,9973.704455
CAGE9ABATUHJ8G4X,10689.15045
MUGECEVF4WG8JSZ9,3084.772258
PCSE4V8HRKQH5A5V,8758.687875
NKCE4VA4FAZ7FTFM,289.3398799
BRAE3TSHPTKBVBHK,6806.953227
ACCEGYP2FYTWVKUB,1714.552589
CRTECN2QYKPMZGNZ,2814.883043
NKCDXEGW7APJ97YS,4224.064404
NKCE9ZVGJQNZWRN4,2378.138671
HAREGG26DYDGEYRH,4814.937232
DRPEEZNFGG9J9KAV,1165.798861
MUGEACY8EWA937QD,3982.195187
NKCEA5FHZSG4SVZP,4280.218438
TSHEHU5RPEPPZW2R,6426.771703
TSHEGF9S8MT2MVYV,3183.346483
SUDEGGB4ES3XZCKP,1403.249486
SHODPH4GEYW54KMT,6108.308912
TSHE4F2GSWVGKG4D,6506.378327
SHTEAGGFBZGZMFCF,4802.882472
RNGEH8WN5KNHEFWJ,4446.71375
RNGE9HDPGG8ZHUJZ,4238.086039
PBXE9EJKVEFQQTJH,5403.842264
NKCE4PZ6EPR4AKZY,542.7695479
TOPEHTU46JAHMV33,4760.014196
NKCEBFWTYSW72YJK,2107.69288
RTRDY9NVKBBNGYMU,290.8688749
CAGE3GFTKFNDSUJY,7619.542688
DREEAEB8XNSACHQB,4893.279045
BZREBXM8H66HR9CX,4065.897677
RNGEGMMBHHARCJ6H,1985.567997
SHIE3QDHFYNWATPT,7854.078021
MUGEBFGFYQPGRQ7Z,3557.778791
RNGDTBQURWKKGMZZ,4148.429677
AIREBA9VGER68DFH,8488.743172
SHIEB7957MQBWGV3,3937.099182
BKPEGXYVX4CG7UWX,6007.537354
ACCEGZ6BBHDP23K8,4693.250845
CAGEBPNU8TKUG6NM,2121.789995
NKCE92XFXH9HH8BT,8372.277367
NKCE9GR9GFMQ9TNZ,4961.382329
TKPEGM48GGD2QKZN,511.9564953
BRAEBP5JJA24D2YS,6267.188861
CAGE6FYKDHFFNFHG,7390.028287
NKCE9PFFKZWGCJMV,2238.133404
NKCEC87RGJPXNK7P,425.0055407
SHODUMFYWHFYZRPY,4800.955541
BRAE7DNYSXZSXG9S,119.6174008
SGLEJJ7HNYDPKZ5P,4975.268834
TSHEGMWZYCTCDAAZ,7190.799463
PANEJQ54895A7GHS,9403.45065
BRAED6C5RRZJBRNP,6855.0823
PCSE4FKCGZNGNHFN,5409.345849
NKCDRDWANFDGXSSK,689.4057894
MUGE9P6DPPNA4TUS,4137.936814
CRTECN2QZ7DHY6GV,3272.225389
BRAE6FMZTRTKVXU6,1623.471464
LEAE8UKZFQRUTMAG,3428.324119
SHOEAPCYWEAFSFU5,4407.589565
SNDE5TY3KAETEZVX,8649.926013
PBXEAFTPXKDJHHYN,3117.394238
TOPEGWURCXSZMQ6H,3026.411297
NKCE9Q93NGS45HGG,7376.27406
SNDEAYZZWRXJSFWH,7380.080077
NDNEJRAPFDZ3R2HG,1553.665455
PCSEDP3UUPFTQFCU,7499.161355
ACCEGH6SPZF3AHH6,4718.82701
NKCEASN6ED2AZSGJ,4456.917323
SCFEFTYSYX8BTZ4P,5040.885872
PACEAYZANXQFKGZ3,2292.424592
RNGEDAKCZHXRBG9G,6636.183262
CAGE4Y4FXXUZS4ZP,7681.146796
WATE7H4UYKQP363Z,11261.80443
CCVEFX5JZHYKHHHF,373.2269088
CRTECN2QSBAQ24DZ,5534.468086
NKCECHX4UCYT4MYX,794.9887416
WATDAZPXK8FSPGB4,11007.29501
BRAEYFDEH7WZVJVG,1972.412512
PACE43HFHCYGHYFK,4090.048498
SRTEGUA8AG9HYTAH,3019.397728
RTRE96W36WAJHRCF,2821.741019
RAQDCNWAHJK9JNUY,686.946213
BRAE5F3KGVA8WAJH,2928.751193
WATDZ5HGDFYKXHYT,2061.72337
JCKEJNEZZ2RFFJS5,5844.571135
TUNEAUVH8G8ZPGYC,8731.938526
SHOE44ZFTHMTAB6C,3791.268782
BRAEE6YMGMKH7DCZ,8069.312334
WATDGFAQBJJV2TTK,9337.726549
MUGEBFGFYM5T6KNW,2733.11978
SHOEBG6ZS2YREWHD,4779.762513
PCSEAKVBBGJAZTHM,966.3518836
ACCE73VFWU9JYKEF,3158.908011
CRTECUWZDJRHRFNK,2886.114678
NKCEBHGBYC9ZH3ZX,4213.164347
NKCEGMUCHG4CKEGB,5820.647344
NKCDXPZS8AZMWHZB,285.6797136
CRTECN2QZFVWFX3S,4924.910703
RTRDW77Y4D3QTBUG,383.875766
NKCEA4CAWGKJ5SBV,754.2011906
CNSEHF8FGDHAGGGR,6682.983796
ACCDXH5JHWBCNQQ4,3389.94702
TOPE4DS8VQC2KCD8,808.9373064
BRAE7T3WRRVYQQEG,1443.940691
CRTEB774DZGQJXV8,1709.189536
BRAEGJFXWMKWGTG5,6573.967358
TSHEE4WZVGVAMRAP,5629.259346
CGCEEFZSURUGRCUG,2869.9455
NKCE6NHRZA6ZXMTZ,4866.551362
ACCE8XZMDHKTDDTY,5935.066419
TOPE954FVTRCRXUN,5087.196822
TSHE4S257WYDXMMX,6909.247122
WATEHYW2GJW9SZYZ,2546.408749
RTRE2TYN2XUPCEVH,2515.013375
WLKEEXSVZWZHJEZW,11854.02997
BRAECKHYDVMUMAKF,969.5078139
PBXEAT5YDFMUMHGB,755.4062461
SHIEBG6FHNFZ2TFP,3405.428229
SHIED3RY2QZE2EWM,3454.438238
CAPEJZVUAZAEGXZ4,4761.808364
WCKE2TFFFYHKUM68,5721.155731
NKCECJPC5HBBSFKZ,2664.283995
BRAE7NMEGDDHG3EX,1869.067412
ACCDXFPYVJCMFGET,1122.026502
FSEEJVNPNZHCXNNK,1670.674055
CRTECN2QZ4NY4SSZ,4360.512886
NKCDYQ3RYDG2GMZB,5941.836537
SGLEJCHSWBMHVVNG,5138.865386
TOPECCNVM4SN9F9C,6975.457471
NKCE74XGF3PPAZ3Q,440.9930893
WATE5HFYXEJRCTHF,4785.506021
NKCE8V3ZHGGGHHDH,7525.562528
PBXE9CVJ6G5NAQFH,3077.336128
CNDEGVE65UWDPCYC,4974.168305
CRTECN2QV9AZBYNG,2509.917002
NKCDU4RZPGSGYY4Q,4296.172922
NKCE9YFBR7ZAMBNJ,1148.568327
SNDE6W34GVRVHWQQ,10409.95523
CRTECN2QZCGZSGK8,3362.609309
BBAEGFHEYYMKHFZR,3264.871802
WATEAUABHVPGRBAS,582.457396
CRTECN2QZVUWVHZZ,4584.431865
ACCEGH6TMFNCMYJB,3885.048717
PBXE9WEVHF3ZBQHW,8555.383318
WCKE2TFYWX9QW3YC,4736.501866
BRAEDTNZZRXBHZGZ,2505.886728
BAREGJ8B2Y3TPUWH,8308.979516
SHOEJCKBGJGZQJHN,1995.223583
NKCE9Z2JQGBBSMTM,3647.82473
TKPEHGWYVVXUYCFC,4933.34498
CRTECN2QYGNYMVY8,4396.111368
CAEE9Y64FBPZJUUH,8680.014983
ACCDSY8EMKXZM8EW,7927.504718
CRTECN2QUZBANWHU,6029.925441
SHOEDH9AS48SSFBT,3689.180662
CRTECN2QVV8ZGNWK,4319.938262
NKCDU4RZ9HWVUHGW,7658.602648
SNDEEFTGRRUZSFGJ,4961.979602
NKCE8P4V9ZQCAYZN,3170.116777
NKCE76TNSYX6ZQ9Z,497.0660209
CPLEHB7C7ZJGHEQU,3880.193279
SRTEGWKKQABUMGFA,5741.309733
NKCE38HBTZXEXXUG,5716.958273
SHIE3QDGUEGVZJZ8,5352.637082
NKCDY8S8ZPV4YA9S,4154.238111
SHOECXPHZSFGQEZZ,8600.696973
RNGE88FQ5SDTSFY7,4847.542758
NKCEAP3S6G8ZEGB6,2650.677105
JEAEHUHKEAEUXSRQ,4585.31126
BRAE8WPSG4FMHFXF,1598.80436
RTRE9JEGMXHZ5RHQ,4975.073411
SHIEYSPPPDGTSGFX,5216.182358
SHOECJD5WVAGAJEH,546.5120168
WATEYAP3FEPWZ8MH,7121.463684
DREDRCRHDXQNK4RB,5673.104788
TOPE7ZHZHT3SKKMN,5343.735242
SNDEBBK5Z6KUQZZF,1094.114954
WATE2RX9HHGBUQGA,7554.189067
WATE2HX6JQGRXSEA,2583.526471
NKCEDCT9MZNZ7D8B,385.4393113
SHIE8HXEEX69GA9F,3373.523111
DREDYSNRZGBFFVQ5,5321.664955
NKCEACYSTHNBFPM8,5659.668329
SUDEHYGURKV9EVVS,6651.042368
BRAEDQDFPNUQGUVG,2133.894982
PBXE829GJ3ESYYMQ,3095.238281
LJGE9TGNUKM2UGWC,5878.173318
MUGEBJ7XBXMRUHQC,3495.710648
BRAEB9SJMFKF39ZW,1128.418388
RNGE864HPZG96WNH,3810.039645
BBAEFYZ9HC3R7CSS,5385.785916
CRTECN2QZZHZH8H3,2286.280687
NKCE49ATHBGGPBDM,2798.151583
PBXE5ZJZBKZKFUTT,9628.573606
SNDEGGQ6T4W8ZGKH,14031.01441
NKCEANMPQABUFANV,3193.19148
CLTEHE9FNVRTJUGS,3071.187237
NKCE9PFFJHGX23NG,1298.594706
NKCE6KGHUMC3DZNK,5938.11211
NKCE96SXSGHZ3GZA,173.4300674
BRAEBUHTHHJDHGHE,7347.469433
SNDEGFJQBJWUCSHS,7842.404768
ACCDQDYBPHVQ9EFC,8274.559094
PBXE84AFH8Y5KECY,1702.513781
KHREGSDWQZKZRY3J,5404.244754
PBXECNFSCHBSHZM9,8957.419706
CRTE8389ZZJS6W9E,574.5739994
CRTECN2QZFRKZPZU,3592.22513
TOPE89KYEWKHKRDZ,1322.357488
SHIEBXSH3GADDFBP,2599.431463
CRTECN2QYZ9YX3JR,4223.002619
BDSEJJ7CMKHRWVCZ,8068.129611
BRAE8EHTGUTM8CX2,9954.174442
BRAE3P8YRJ69HFQT,8749.437131
SUDEGGATYHBGUFTF,3556.750646
NKCE9YX36WBZF9HJ,6353.08381
SUIE5GT3DSJCKEJF,1679.653541
RTRDYKU6F2GVR3CR,514.3604032
ACCEGH6TEZ8CAXEH,2295.957871
SRTEGWKHGMNG3WRJ,5203.038512
CRTECN2RCNAMYX2E,7152.8755
ACCEGG9Z4QCZJZFJ,4458.874555
BRAE4S2FYF4RN49J,1861.145262
ACCEAHRFFH3S7HFF,1522.554927
NKCE9JBQGG5PHQFM,4863.382388
CRTECN2QYU4SJADV,3946.188455
NKCECQYZNVJKFMJV,11968.59664
RNGDUZU5VCYXAAEM,3220.493022
SUDEHYGU9BE2XETS,5719.728937
PBXE5YGWHPQGBWG3,4284.414381
ACCEGGAYDMUYE7SK,7643.694935
WATEHVHJHMCGW3VN,562.0875549
MUGECJZ23GD5PE6C,3221.874749
PADEHZFHGHFQJAXV,5756.04468
CRTECN2R7EXGYGFZ,4518.017036
PBXEAJVRRK6MXXKH,2608.053447
PBXE9YWJHHERWPG4,5479.786657
WATDFFH3PGFHHZH8,17650.79197
TOPEGFXU8ZAGFGNZ,1706.702937
SHOE6ZQEB694PVM8,3962.882418
ACCE8VP6PZDUEYGP,3032.697095
WATE2FAGESM5B5VZ,7283.494068
BRAECC9JFBY5YSEY,4267.501422
BRAEYFDGSY9S9ZDW,4261.667292
PELEGPF7C9YZFKDM,3943.349747
ACCE93ZDRDSJD3RG,2871.706424
NKCE9YFB9BZZ8ZFF,12320.01067
JWSDZCHGUTXYUGZD,9428.497082
SHIE7DFNVCR8KUGP,3830.349876
NKCE9PFFXGMFX5PB,9487.394139
CRTECN2RZRH6FTYZ,2193.844736
JWSEJFMHQEMPZPGK,4375.561522
CAGDU9C3ZBMU4CGR,849.2222301
PACE5M34GBFNK4F3,6403.090986
BRAE8WYHXBEEPGDQ,3209.626889
RNGED78RWSSAT7GT,8289.489996
NKCECGT3EZHNNRAT,7107.634801
TMLED7GYYPZ3ZXGW,5399.145453
PELEJUCGUAPQRCZX,8873.655991
BRAE6ZCHHPFNBYNU,1656.142979
SUDEGGATXD4BMC2G,4659.808351
ACCEGG9Z5UB2JZYH,3145.809294
LJGEJQ4NA7BDGQWZ,5114.685788
JCKEJFPDVWBKHPFY,914.5688709
RNGEE8ZHQ4HRM5WY,7360.085814
CRTECN2QTCW9VDKR,2895.80179
RNGE9HE7BKMCZGRV,5325.263002
CRTECN2QYYFYJFTV,2960.589591
BRADM8DWSRMPPNNX,1464.178906
SHIE7VFYJHKGMXUR,3615.161445
TOPE8ZAFC7JSV7QX,3994.196121
VANEGQCWZYFZ3EYJ,7019.339563
TOPEYY5YK3WEGGXX,3972.322354
MNGEJPST4MZDZCHT,2725.585919
PYJEJMHJNXJ6NGKC,9564.801592
PADEHZFHCNQGWNNS,4059.79731
CRTECN2QTWDYRKGW,2939.724003
JWSDSCB7SN9AYB4B,8514.093619
RNGEAM4ZFGWHWMYZ,4460.756728
TOPEBRYGRZFGPMHP,2532.363107
GLSEHEHZAZEJMRVF,6119.889213
ACCDYAGVFPSCPQUY,6328.342985
NKCEAJP6DGFV8AEZ,10459.97561
CAGE7CJVGGHQYZDQ,291.3841566
SNDEBYH3ZR33KSAG,7003.035581
RTRDK7TWJB6RCNP9,4496.994793
RTRE38HF433WXQJD,3536.437704
SNDEDG6HNGZDZXBV,1810.776348
BRAEDT7STGZCKHEB,5844.725824
ACCE6RHG47DESW3Q,941.77135
CSPEGMVJJDYAYQYG,4673.909863
NKCE2NKZT6GSFFV5,3122.884303
ACCEGG9UN8H6EHGA,2194.484109
WATEBJ37KBB3SEBR,3960.793677
CRTECN2QSGCA6CSF,2719.204781
SNDEHZPDSQZYASGW,4637.257627
CAGEYUXVHFYNCAYD,7204.213657
PCSE69MFRZSMYVRH,1912.561532
SNDEHZPDZMNZGHEQ,3578.207049
MUGEAGGKQMGVUVJT,2406.347825
SHOE3S9BGUAGYE5X,4655.289684
MUGEAGGKHU2G6PT8,3501.287206
SHOEBG79YJZD9C33,2398.201313
GKEE5ZZ34VYKVZEK,6905.053223
ECIEF6JYYJ4PHJ3Q,5079.928822
TROEGNRFM8FCZHHM,2461.003777
SHTEYSPQAB9KAUVG,747.3061242
TWCEJFXH4EU2JZYG,9539.693907
WATE6S3AMDGT5PVG,3247.83992
MTYEJJAQYHCNKYZZ,5309.817664
NKCE845VFGMPFFMT,9260.434092
BRAE3WVQSRGWGHZV,7753.203739
ACCEKFVWTGZXG5XK,5652.214192
BRAEE6YMKFPSHPY3,1667.9201
RNGE7M92FZVK8YWH,6849.020449
BRAEBBMQWZYHZFGE,1611.483519
ACCEGZ66ATHMFPJV,765.6930452
NKCE7UEX7BGCCZUY,4844.889403
CAGE5H7JE9G72SHT,8151.836094
TMLECXEQGAQXQKDG,5011.460689
NKCECZFZY9YTKGTW,6295.987696
SHIECFNXZ7W9GVYZ,4392.029477
MUGEAGGKZEFKTZ8U,4007.253002
SHOEFECFFYBYP9QR,4263.050422
GLSEHB7RQJFVT6GS,1196.75682
NKCEASCZU8K6XDGF,1194.673087
LFHDBF4BY3PS66NG,4927.13563
TOPE8E8NZP256K8G,4793.005519
SNDE8SSKSSARAXHJ,7979.109068
CRTECN2QXHGGKHWV,3736.725689
JEAE9PP49AH6PQCW,4621.584033
PCSE94FSG87ETQY2,2857.765556
NKCEANMPNFSQ2K6X,4659.233251
PCSECV3FTHYGHHHF,1203.564571
GRKEG679TVS7CSPA,4766.209176
TOPE7T5FMBVW9EFY,10641.21623
SHOECXZEHUBBZYJV,5129.449986
CCVEFV4RRNH9FAHH,2907.838238
PCSDYQEVCWZSZH8V,9302.39212
BRAE3TSHUSJJYKM7,1642.072877
PADEHZFHMTEUP8YG,4289.435202
NKCE6UWHWNCNCFQF,3341.042957
MUGE6S9YXRP8MRQC,3893.982887
WATECKYCCMXUQQMS,5876.957977
SHOEJNY2X4CUEGTM,5519.952704
PCSEAKVBCZWH8HDS,9326.150782
NKCDV9SXP4JGZDKK,2345.176036
BDSEJTHNGWVGWWQU,2833.240409
BRAEYPGFGBRMAEZA,6967.054886
NKCE8RB5WMWAWNHJ,3533.819056
BRAECKHZRU4RZKQH,6784.226036
HRCEHF2CDHYWPFVN,5613.147705
WATE8PBFJDAEDYFQ,7422.587854
TOPE8QNKRJHBNWNV,4895.412401
PBXEAJVRSJFJ2APN,3705.539242
SUDEHYGUFAGB4NYH,5485.145504
JEAEGGDJGFGQXEKV,5325.259799
SHTEDCZWPM7F8GAM,4192.350837
WATE3NWHWKVDFSDN,1739.555698
ACCECHF4VZYHA4XZ,4867.707107
PTPDVPEXSANDVSJQ,4281.883541
JEAEGHQYYGDYDBWY,1608.630631
BRAEDSKCYE7BNKZ4,6241.495244
VLBEHHWFMGCMEM4K,837.9984877
TOPEHXA27XJFNSGV,2270.771595
ACCEGH6SEMYHF34Y,4630.933475
RNGE7M922VGFBDGG,4524.300174
CRTECN2QZ4XUY84U,499.0467746
ACBECFGTYJ3E8VHE,5226.739462
NKCE38HBJCPPYWKH,853.8050973
BRAE7SQFKFNVCTB9,7373.400621
TOPDW7AQKZZHFCZF,4353.17081
SHIE9YDH4WHHEXZH,5845.2448
DRPEHYHMEUCSYGKA,4483.995778
RNGEHFDYGPHZ3HGA,3154.607957
SHOEJVGTSYMHYFBX,3879.719126
ACCEJGH5QTFVXQZT,5446.014455
SHTEJT4D7Y9NTWYZ,1454.168236
TOPEHZPAPFNFEHBG,546.041659
NKCE52CSJEGXP6FR,631.0612837
PELEJUCGBEHUGMZF,11589.87315
BRAEAREZG4Z6ZFK9,4345.283418
TOPEHTU4FN9KEAHJ,5272.237665
PCSE4FKC73GEKW7W,3192.108138
CLTEGMYW2RWRDH5X,5931.150663
ACCEGH6SF89RGZQD,4133.82926
NKCEANMPGJAZ7BHE,4496.439722
CRTEA7HAXMYFVGXX,3246.262063
NKCDU4RZQRXJH4JF,746.8818584
MUGEACY8QGADG5VG,5662.185687
PBXEAXGWYNVUUQVY,3174.95849
CRTECN2QVE4KYGWY,3004.692713
NSTEJHERS3AKXUCW,4484.355818
SHIEC8ASQEPSK7FZ,298.9955856
RTRD8FNG6FUTFZQJ,2731.066179
ACCDXFPFEDJCKQJ3,11126.79442
BALEGFXZGSRGJKJY,3149.753981
TOPEBQGGJ2C7Y7HZ,6044.961912
CAGE6FZSZXFKQHZP,922.9923938
TKPEGFWWV9K7PMMD,7999.379248
RPEEGGDJN5D8HFRM,4300.643759
NKCE6TNZ9YGRGVNF,11087.91101
CRTECN2QSGWBHY9F,7434.16195
ACCEAHRFCDZHX2CG,9316.70239
BRAE75HSN6B5RA9V,7059.327162
TOPE8N3BAE7QWZFY,1110.858201
WSCEFE4RZ8FRPQTD,4310.930529
MUGEGWT5RGJJHSGN,5469.697648
MUGEBJ7XHH5AVZV7,3716.208084
PCSEC86VAFUTHBPX,8277.567164
CRTECN2QUTDWFYGA,2451.175658
NKCE9PFFYZYCKJFB,4923.941095
RNGE864HRQRATXWQ,4379.819317
WATE3GEY74QU9T35,1713.678186
WATE9MVXX3DZ5UKD,4322.000808
MUGEBFGFYWQRWYDN,2632.717399
TOPE9KJEYHXXNBGC,2901.857389
TOPECMKVPCH2ZZTY,4972.126295
SGLEGBV8VGCMH77F,4504.070145
WATDKB7JW7USDVZ6,2599.852892
TLPEHAKFGFC9QPM4,5415.25087
JUMEBKQJUZHCZHHM,2722.272422
JWSEEBEEHKG4ZGRG,8742.413226
CRTECN2QSUHUEZZD,3836.404323
RNGE7M92NZGZSZJQ,4373.851586
TOPE593EQJA4WW4Z,5325.618436
BRAEDGM2YE58PGPV,3501.446679
PBXEANB7QGWSP25F,1606.579873
BRAEE6YMKGHQ4C4K,3384.227268
TOPDYMSXBMBWVAS4,8244.600674
MATEHFNMZVV9HYUV,11501.78589
KRTEFG6MGMW4FQXF,921.3578586
SNDEE34XM8XB6ZEX,904.2614333
TOPE6HZUKGTFPUFP,6393.613006
TOPE954FF9KJSZZN,4290.312208
NKCECGVAZYG6SF5S,387.9361999
PBXE4Q7YBMXJ53ZG,2349.441762
ACCEGXDJMWKWYHPP,4613.60382
PCSE6X3Y2HSTHBDW,7095.682286
SHIEBZB4U7BKYJTU,3672.40021
NKCEAFC847CUEYZX,1330.785052
CAGE9JEFFUQQNQHW,10832.92073
TSHE8Z4HYFUWCVYB,7029.008291
NKCDU4RZURUGSZZ6,3819.548594
SHIEFFFPMFH8SZZM,4643.948942
DIAEJ6Z8BEDTGGYY,4220.537842
RNGEDAK9ZZR8MGY4,6294.5931
SNDEHZQ7BSZZJRDT,4675.234431
NKCEAP3S6TDGRDVY,10655.37885
MUGE8DTSSBPHDZWA,2386.061289
SNDEARQ3EKZNNP4M,13058.93092
ACCEGKTTMBKZT7JR,1975.688076
NKCEAVZ3QEWNHQNR,6128.388596
SHTEJRCHC5KESPYX,3272.944766
BBAEJK8Z5UD97GTP,3083.280767
PCSEDUT3FS8UTKJQ,7276.595829
BRAE3Y4ZZZJHJVHV,8735.227164
PTYEDMT4FRUDXZCP,3345.459278
PCSEAH5WZNWYJE8M,8407.108468
BRAEEG6TFTNVFCRM,2721.391321
PACEFVZZ2R8ZE5ZH,3601.356834
TOPDU2HZGVTAAQJW,4590.06465
BRAEBBMQY4T7DFH6,2525.699208
TSHEHU5RXEVXH3P7,5531.003496
WATECSW5VZSZETGS,4135.758376
SGLEGBV7K2MGEGRB,7668.784923
WATDP5NHENJGYYXF,6947.567006
SUDEHYGUYBE5KGMW,4576.691138
RTRDQZ8Z72FRMKGX,202.6993896
SHIEAVW5MYGJ4BRR,568.4457069
ACCDXH5JXWABF7GH,4008.861815
TOPE8TQDQDHZZY9S,5016.013144
BRAE3TSHXZFRYAZQ,5123.462278
ACCDXFAGYWTHWYGT,1424.210659
SWSEBGYUPTH7GSHE,6892.519058
DREE9QSVADZEKNJS,4849.819919
PBXE5CFUTETHWRZH,1631.714161
SHIED78RWUCDPFRH,5863.363303
NKCE69P8PC5VR7NY,3882.514677
WATEHYHNCANKP5VZ,6550.464082
NKCE7PZPRZFYKW3M,3755.766228
CHUEF7C3NGW54VJJ,4214.261926
NKCE9Q93CUEMGS46,5192.918879
RTRE2V3Y6FWVHDW5,3526.695378
BRAEE4UZZVMJUGE3,1469.035674
SHIE7G263EDTSDU5,4479.062646
BRAE3TSHRTGMZA44,8054.487768
TOPEHWDGQD9NR6QD,2017.938531
NKCEFMZUJEWN3HXY,2296.81125
CBKEHJUH7WPZEEGK,6354.69721
CRTECN2QXZUFSGHZ,4967.295436
SWSEBHCPAKWKRDPR,9173.532185
ACCEAMGZGAQWYYMV,3418.240474
CRTECN2QZGUQPR93,3915.372869
SHOEJBSZ8FS9SNJR,474.1409144
BRAE6ZCHV2ZAA9US,3362.42805
SUDEGGB28WWTGFUY,6758.454912
ACCEAHRFFKPGUGGX,4879.349875
BRAEBBMQZDMZAEBV,1176.617991
NKCED6EXXSFZGQP8,307.0960821
SHTECN9HFVZYP2V9,3147.295556
RTREAX3DGDRSSYFT,1398.464251
RNGE65FGK2TMUC2A,9967.414224
ACCEGZ8EWQ7RMZTZ,6715.550746
BRAE4DHZEAPXQVRG,1855.003205
CAGECHKFAMZCKPFT,153.1218032
PCSE6SJG9SMAGGHY,3870.692563
SNDE25SG2HRJF9JH,1538.362936
NKCEAVZ3FCDEUZHG,5296.748502
ACCEG7AG8EUZRRZY,6319.624423
SHOECH3WZHFCVZWU,3820.061202
TOPEAKYKZKRHPMHX,3707.857672
NDNEJRAZNQBZQWQK,13097.60715
MUGEBFGFDQYJG5TW,5264.584286
BBAE9K7BXFUTDNBK,3973.341811
RTRDYPA4PJHCJCGF,9113.138685
TUNE8FWQBS7TVVT7,6601.748274
NKCEGMUABCRGUZPE,3537.906138
RNGE7M92KAQWUBCS,1736.165799
